solid OpenSCAD_Model
  facet normal 0 1 0
    outer loop
      vertex 0 0 0
      vertex 3.9 0 6.35
      vertex 3.9307984990542826 0 5.880105708007814
    endloop
  endfacet
  facet normal 0 1 0
    outer loop
      vertex 0 0 0
      vertex 3.9307984990542826 0 6.819894291992186
      vertex 3.9 0 6.35
    endloop
  endfacet
  facet normal 0 1 0
    outer loop
      vertex 0 0 0
      vertex 4.643927974951554 0 4.158458855568606
      vertex 4.954415587728429 0 3.8044155877284282
    endloop
  endfacet
  facet normal 0 1 0
    outer loop
      vertex 0 0 0
      vertex 4.954415587728429 0 3.8044155877284282
      vertex 5.308458855568606 0 3.493927974951553
    endloop
  endfacet
  facet normal 0 1 0
    outer loop
      vertex 0 0 0
      vertex 5.308458855568606 0 3.493927974951553
      vertex 5.7 0 3.2323085463760206
    endloop
  endfacet
  facet normal 0 0 -1
    outer loop
      vertex 0 -1.4 0
      vertex 0 0 0
      vertex 15 0 0
    endloop
  endfacet
  facet normal 0 1 0
    outer loop
      vertex 0 0 0
      vertex 6.1223396434856765 0 3.0240336829593675
      vertex 6.568251437630925 0 2.8726670253593536
    endloop
  endfacet
  facet normal 0 1 0
    outer loop
      vertex 0 0 0
      vertex 5.7 0 3.2323085463760206
      vertex 6.1223396434856765 0 3.0240336829593675
    endloop
  endfacet
  facet normal 0 1 0
    outer loop
      vertex 0 0 0
      vertex 4.022667025359354 0 5.418251437630925
      vertex 4.174033682959368 0 4.972339643485676
    endloop
  endfacet
  facet normal 0 1 0
    outer loop
      vertex 0 0 0
      vertex 4.174033682959368 0 4.972339643485676
      vertex 4.382308546376021 0 4.55
    endloop
  endfacet
  facet normal 0 1 0
    outer loop
      vertex 0 0 0
      vertex 4.382308546376021 0 4.55
      vertex 4.643927974951554 0 4.158458855568606
    endloop
  endfacet
  facet normal 0 1 0
    outer loop
      vertex 0 0 0
      vertex 3.9307984990542826 0 5.880105708007814
      vertex 4.022667025359354 0 5.418251437630925
    endloop
  endfacet
  facet normal 0 1 0
    outer loop
      vertex 0 0 0
      vertex 4.022667025359354 0 7.281748562369074
      vertex 3.9307984990542826 0 6.819894291992186
    endloop
  endfacet
  facet normal 0 1 0
    outer loop
      vertex 0 0 0
      vertex 4.174033682959368 0 7.727660356514323
      vertex 4.022667025359354 0 7.281748562369074
    endloop
  endfacet
  facet normal 0 1 0
    outer loop
      vertex 0 0 0
      vertex 4.382308546376021 0 8.15
      vertex 4.174033682959368 0 7.727660356514323
    endloop
  endfacet
  facet normal 0 1 0
    outer loop
      vertex 0 0 0
      vertex 6.568251437630925 0 2.8726670253593536
      vertex 15 0 0
    endloop
  endfacet
  facet normal 0 0 -1
    outer loop
      vertex 0 -1.4 0
      vertex 15 0 0
      vertex 15 -1.4 0
    endloop
  endfacet
  facet normal 0 1 0
    outer loop
      vertex 15 0 0
      vertex 6.568251437630925 0 2.8726670253593536
      vertex 7.030105708007814 0 2.7807984990542822
    endloop
  endfacet
  facet normal 0 1 0
    outer loop
      vertex 15 0 0
      vertex 7.030105708007814 0 2.7807984990542822
      vertex 7.5 0 2.7499999999999996
    endloop
  endfacet
  facet normal 0 1 0
    outer loop
      vertex 15 0 0
      vertex 7.5 0 2.7499999999999996
      vertex 7.969894291992186 0 2.7807984990542822
    endloop
  endfacet
  facet normal 0 1 0
    outer loop
      vertex 15 0 0
      vertex 7.969894291992186 0 2.7807984990542822
      vertex 8.431748562369075 0 2.8726670253593536
    endloop
  endfacet
  facet normal -1 0 0
    outer loop
      vertex 0 -1.4 0
      vertex 0 0 44.45
      vertex 0 0 0
    endloop
  endfacet
  facet normal 0 1 0
    outer loop
      vertex 0 0 0
      vertex 0 0 44.45
      vertex 4.382308546376021 0 8.15
    endloop
  endfacet
  facet normal 0 1 0
    outer loop
      vertex 0 0 44.45
      vertex 4.643927974951554 0 8.541541144431394
      vertex 4.382308546376021 0 8.15
    endloop
  endfacet
  facet normal 0 1 0
    outer loop
      vertex 0 0 44.45
      vertex 4.954415587728429 0 8.895584412271571
      vertex 4.643927974951554 0 8.541541144431394
    endloop
  endfacet
  facet normal 0 1 0
    outer loop
      vertex 0 0 44.45
      vertex 5.308458855568606 0 9.206072025048446
      vertex 4.954415587728429 0 8.895584412271571
    endloop
  endfacet
  facet normal 0 1 0
    outer loop
      vertex 0 0 44.45
      vertex 5.7 0 9.467691453623978
      vertex 5.308458855568606 0 9.206072025048446
    endloop
  endfacet
  facet normal 0 1 0
    outer loop
      vertex 0 0 44.45
      vertex 6.1223396434856765 0 9.675966317040633
      vertex 5.7 0 9.467691453623978
    endloop
  endfacet
  facet normal 0 1 0
    outer loop
      vertex 0 0 44.45
      vertex 6.568251437630925 0 9.827332974640646
      vertex 6.1223396434856765 0 9.675966317040633
    endloop
  endfacet
  facet normal 0 1 0
    outer loop
      vertex 0 0 44.45
      vertex 7.030105708007814 0 9.919201500945718
      vertex 6.568251437630925 0 9.827332974640646
    endloop
  endfacet
  facet normal 0 1 0
    outer loop
      vertex 0 0 44.45
      vertex 7.5 0 9.95
      vertex 7.030105708007814 0 9.919201500945718
    endloop
  endfacet
  facet normal 0 1 0
    outer loop
      vertex 0 0 44.45
      vertex 7.969894291992186 0 9.919201500945718
      vertex 7.5 0 9.95
    endloop
  endfacet
  facet normal 0 1 0
    outer loop
      vertex 0 0 44.45
      vertex 8.431748562369075 0 9.827332974640646
      vertex 7.969894291992186 0 9.919201500945718
    endloop
  endfacet
  facet normal 0 1 0
    outer loop
      vertex 0 0 44.45
      vertex 8.877660356514323 0 9.675966317040633
      vertex 8.431748562369075 0 9.827332974640646
    endloop
  endfacet
  facet normal 0 1 0
    outer loop
      vertex 0 0 44.45
      vertex 9.3 0 9.467691453623978
      vertex 8.877660356514323 0 9.675966317040633
    endloop
  endfacet
  facet normal 0 1 0
    outer loop
      vertex 0 0 44.45
      vertex 9.691541144431394 0 9.206072025048446
      vertex 9.3 0 9.467691453623978
    endloop
  endfacet
  facet normal 0 1 0
    outer loop
      vertex 0 0 44.45
      vertex 10.825966317040631 0 7.727660356514323
      vertex 10.61769145362398 0 8.15
    endloop
  endfacet
  facet normal 0 1 0
    outer loop
      vertex 0 0 44.45
      vertex 10.356072025048446 0 8.541541144431394
      vertex 10.045584412271571 0 8.895584412271571
    endloop
  endfacet
  facet normal 0 1 0
    outer loop
      vertex 0 0 44.45
      vertex 10.61769145362398 0 8.15
      vertex 10.356072025048446 0 8.541541144431394
    endloop
  endfacet
  facet normal 0 1 0
    outer loop
      vertex 0 0 44.45
      vertex 10.977332974640646 0 7.281748562369074
      vertex 10.825966317040631 0 7.727660356514323
    endloop
  endfacet
  facet normal 0 1 0
    outer loop
      vertex 0 0 44.45
      vertex 10.045584412271571 0 8.895584412271571
      vertex 9.691541144431394 0 9.206072025048446
    endloop
  endfacet
  facet normal 0 1 0
    outer loop
      vertex 15 0 0
      vertex 10.977332974640646 0 7.281748562369074
      vertex 0 0 44.45
    endloop
  endfacet
  facet normal 0 1 0
    outer loop
      vertex 15 0 0
      vertex 8.431748562369075 0 2.8726670253593536
      vertex 8.877660356514323 0 3.0240336829593675
    endloop
  endfacet
  facet normal 0 1 0
    outer loop
      vertex 15 0 0
      vertex 8.877660356514323 0 3.0240336829593675
      vertex 9.3 0 3.2323085463760206
    endloop
  endfacet
  facet normal 0 1 0
    outer loop
      vertex 15 0 0
      vertex 9.3 0 3.2323085463760206
      vertex 9.691541144431394 0 3.493927974951553
    endloop
  endfacet
  facet normal 0 1 0
    outer loop
      vertex 15 0 0
      vertex 9.691541144431394 0 3.493927974951553
      vertex 10.045584412271571 0 3.8044155877284282
    endloop
  endfacet
  facet normal 0 1 0
    outer loop
      vertex 15 0 0
      vertex 10.045584412271571 0 3.8044155877284282
      vertex 10.356072025048446 0 4.158458855568606
    endloop
  endfacet
  facet normal 0 1 0
    outer loop
      vertex 15 0 0
      vertex 10.356072025048446 0 4.158458855568606
      vertex 10.61769145362398 0 4.55
    endloop
  endfacet
  facet normal 0 1 0
    outer loop
      vertex 15 0 0
      vertex 10.61769145362398 0 4.55
      vertex 10.825966317040631 0 4.972339643485676
    endloop
  endfacet
  facet normal 0 1 0
    outer loop
      vertex 15 0 0
      vertex 10.825966317040631 0 4.972339643485676
      vertex 10.977332974640646 0 5.418251437630925
    endloop
  endfacet
  facet normal 0 1 0
    outer loop
      vertex 15 0 0
      vertex 10.977332974640646 0 5.418251437630925
      vertex 11.069201500945717 0 5.880105708007814
    endloop
  endfacet
  facet normal 0 1 0
    outer loop
      vertex 15 0 0
      vertex 11.069201500945717 0 5.880105708007814
      vertex 11.1 0 6.35
    endloop
  endfacet
  facet normal 0 1 0
    outer loop
      vertex 15 0 0
      vertex 11.1 0 6.35
      vertex 11.069201500945717 0 6.819894291992186
    endloop
  endfacet
  facet normal 0 1 0
    outer loop
      vertex 15 0 0
      vertex 11.069201500945717 0 6.819894291992186
      vertex 10.977332974640646 0 7.281748562369074
    endloop
  endfacet
  facet normal 1 0 0
    outer loop
      vertex 15 -1.4 0
      vertex 15 0 0
      vertex 15 -0.5999999999999979 18.225
    endloop
  endfacet
  facet normal 1 0 0
    outer loop
      vertex 15 -1.4 0
      vertex 15 -0.5999999999999979 18.225
      vertex 15 -1.4 18.225
    endloop
  endfacet
  facet normal 1 0 0
    outer loop
      vertex 15 0 0
      vertex 15 0 18.805000000000003
      vertex 15 -0.5999999999999979 18.225
    endloop
  endfacet
  facet normal -1.3374156063279449e-17 1 0
    outer loop
      vertex 15 0 0
      vertex 5.7 -1.2437965138849888e-16 34.982308546376025
      vertex 15 0 18.805000000000003
    endloop
  endfacet
  facet normal -1 0 0
    outer loop
      vertex 0 -1.4 0
      vertex 0 -1.4 44.45
      vertex 0 0 44.45
    endloop
  endfacet
  facet normal 0 1 0
    outer loop
      vertex 15 0 0
      vertex 4.174033682959368 0 36.722339643485675
      vertex 4.382308546376021 0 36.300000000000004
    endloop
  endfacet
  facet normal 0 1 0
    outer loop
      vertex 15 0 0
      vertex 4.022667025359354 0 37.16825143763093
      vertex 4.174033682959368 0 36.722339643485675
    endloop
  endfacet
  facet normal 0 1 0
    outer loop
      vertex 15 0 0
      vertex 0 0 44.45
      vertex 4.022667025359354 0 37.16825143763093
    endloop
  endfacet
  facet normal 0 1 0
    outer loop
      vertex 15 0 0
      vertex 4.954415587728429 0 35.55441558772843
      vertex 5.308458855568606 0 35.24392797495155
    endloop
  endfacet
  facet normal 3.891731165830477e-16 1 1.0701665473700329e-16
    outer loop
      vertex 15 0 0
      vertex 5.308458855568606 0 35.24392797495155
      vertex 5.7 -1.2437965138849888e-16 34.982308546376025
    endloop
  endfacet
  facet normal 0 1 0
    outer loop
      vertex 15 0 0
      vertex 4.643927974951554 0 35.908458855568604
      vertex 4.954415587728429 0 35.55441558772843
    endloop
  endfacet
  facet normal 0 1 0
    outer loop
      vertex 15 0 0
      vertex 4.382308546376021 0 36.300000000000004
      vertex 4.643927974951554 0 35.908458855568604
    endloop
  endfacet
  facet normal 7.875284430732035e-16 1 4.60992259359923e-16
    outer loop
      vertex 15 -3.1347473636475003e-15 25.625
      vertex 5.7 -1.2437965138849888e-16 34.982308546376025
      vertex 6.1223396434856765 -3.6097103341654385e-16 34.77403368295937
    endloop
  endfacet
  facet normal 7.875284430732103e-16 1 4.609922593599283e-16
    outer loop
      vertex 15 -3.1347473636475003e-15 25.625
      vertex 6.1223396434856765 -3.6097103341654385e-16 34.77403368295937
      vertex 6.568251437630925 -6.423603969289412e-16 34.622667025359355
    endloop
  endfacet
  facet normal 7.87528443073213e-16 1 4.609922593599305e-16
    outer loop
      vertex 15 -3.1347473636475003e-15 25.625
      vertex 6.568251437630925 -6.423603969289412e-16 34.622667025359355
      vertex 7.030105708007814 -9.63733091900125e-16 34.530798499054285
    endloop
  endfacet
  facet normal 7.875284430732082e-16 1 4.609922593599261e-16
    outer loop
      vertex 15 -3.1347473636475003e-15 25.625
      vertex 7.030105708007814 -9.63733091900125e-16 34.530798499054285
      vertex 7.5 -1.3195903424177888e-15 34.5
    endloop
  endfacet
  facet normal -2.648185451962225e-15 1 -2.442427933627764e-15
    outer loop
      vertex 15 -3.1347473636475003e-15 25.625
      vertex 7.5 -1.3195903424177888e-15 34.5
      vertex 7.969894291992186 0 34.530798499054285
    endloop
  endfacet
  facet normal 0 1 0
    outer loop
      vertex 15 0 25.645
      vertex 7.969894291992186 0 34.530798499054285
      vertex 8.431748562369075 0 34.622667025359355
    endloop
  endfacet
  facet normal 6.001613682376205e-16 1 3.4591641812232163e-16
    outer loop
      vertex 0 0 44.45
      vertex 3.9 -1.4406008104997697e-16 38.1
      vertex 3.9307984990542826 0 37.63010570800782
    endloop
  endfacet
  facet normal 7.875284430732084e-16 1 4.609922593599268e-16
    outer loop
      vertex 0 0 44.45
      vertex 3.9307984990542826 -3.849324063849976e-16 38.569894291992185
      vertex 3.9 -1.4406008104997697e-16 38.1
    endloop
  endfacet
  facet normal 0 1 0
    outer loop
      vertex 0 0 44.45
      vertex 3.9307984990542826 0 37.63010570800782
      vertex 4.022667025359354 0 37.16825143763093
    endloop
  endfacet
  facet normal 7.87528443073207e-16 1 4.609922593599258e-16
    outer loop
      vertex 0 0 44.45
      vertex 4.022667025359354 -6.70192727469533e-16 39.031748562369074
      vertex 3.9307984990542826 -3.849324063849976e-16 38.569894291992185
    endloop
  endfacet
  facet normal -1.2748878436067242e-15 1 -1.0702054128948266e-15
    outer loop
      vertex 0 0 44.45
      vertex 4.174033682959368 0 39.47766035651433
      vertex 4.022667025359354 -6.70192727469533e-16 39.031748562369074
    endloop
  endfacet
  facet normal 0 1 0
    outer loop
      vertex 0 0 44.45
      vertex 4.382308546376021 0 39.9
      vertex 4.174033682959368 0 39.47766035651433
    endloop
  endfacet
  facet normal 0 1 0
    outer loop
      vertex 0 0 44.45
      vertex 4.643927974951554 0 40.2915411444314
      vertex 4.382308546376021 0 39.9
    endloop
  endfacet
  facet normal 0 1 0
    outer loop
      vertex 0 0 44.45
      vertex 4.954415587728429 0 40.645584412271575
      vertex 4.643927974951554 0 40.2915411444314
    endloop
  endfacet
  facet normal 0 1 0
    outer loop
      vertex 0 0 44.45
      vertex 5.308458855568606 0 40.95607202504845
      vertex 4.954415587728429 0 40.645584412271575
    endloop
  endfacet
  facet normal 0 1 0
    outer loop
      vertex 0 0 44.45
      vertex 5.7 0 41.21769145362398
      vertex 5.308458855568606 0 40.95607202504845
    endloop
  endfacet
  facet normal 0 1 0
    outer loop
      vertex 0 0 44.45
      vertex 6.1223396434856765 0 41.42596631704063
      vertex 5.7 0 41.21769145362398
    endloop
  endfacet
  facet normal 0 1 0
    outer loop
      vertex 0 0 44.45
      vertex 6.568251437630925 0 41.57733297464065
      vertex 6.1223396434856765 0 41.42596631704063
    endloop
  endfacet
  facet normal 0 1 0
    outer loop
      vertex 0 0 44.45
      vertex 7.030105708007814 0 41.66920150094572
      vertex 6.568251437630925 0 41.57733297464065
    endloop
  endfacet
  facet normal 0 1 0
    outer loop
      vertex 0 0 44.45
      vertex 7.5 0 41.7
      vertex 7.030105708007814 0 41.66920150094572
    endloop
  endfacet
  facet normal 0 1 0
    outer loop
      vertex 0 0 44.45
      vertex 7.969894291992186 0 41.66920150094572
      vertex 7.5 0 41.7
    endloop
  endfacet
  facet normal 0 0 1
    outer loop
      vertex 0 -1.4 44.45
      vertex 15 -1.4 44.45
      vertex 0 0 44.45
    endloop
  endfacet
  facet normal 0 1 0
    outer loop
      vertex 0 0 44.45
      vertex 8.431748562369075 0 41.57733297464065
      vertex 7.969894291992186 0 41.66920150094572
    endloop
  endfacet
  facet normal 0 1 0
    outer loop
      vertex 0 0 44.45
      vertex 15 0 44.45
      vertex 8.431748562369075 0 41.57733297464065
    endloop
  endfacet
  facet normal 0 0 1
    outer loop
      vertex 0 0 44.45
      vertex 15 -1.4 44.45
      vertex 15 0 44.45
    endloop
  endfacet
  facet normal -1.3374156063279449e-17 1 0
    outer loop
      vertex 15 0 18.805000000000003
      vertex 5.7 -1.2437965138849888e-16 34.982308546376025
      vertex 15 0 18.825000000000003
    endloop
  endfacet
  facet normal 7.875284430732082e-16 1 4.609922593599267e-16
    outer loop
      vertex 15 0 18.825000000000003
      vertex 5.7 -1.2437965138849888e-16 34.982308546376025
      vertex 15 -3.1347473636475003e-15 25.625
    endloop
  endfacet
  facet normal -1.9811034553211138e-13 1 -1.5673736818237837e-13
    outer loop
      vertex 15 -3.1347473636475003e-15 25.625
      vertex 7.969894291992186 0 34.530798499054285
      vertex 15 0 25.645
    endloop
  endfacet
  facet normal 0 1 0
    outer loop
      vertex 15 0 25.645
      vertex 8.431748562369075 0 34.622667025359355
      vertex 8.877660356514323 0 34.77403368295937
    endloop
  endfacet
  facet normal 0 1 0
    outer loop
      vertex 15 0 25.645
      vertex 8.877660356514323 0 34.77403368295937
      vertex 9.3 0 34.982308546376025
    endloop
  endfacet
  facet normal 0 1 0
    outer loop
      vertex 15 0 25.645
      vertex 9.3 0 34.982308546376025
      vertex 9.691541144431394 0 35.24392797495155
    endloop
  endfacet
  facet normal 0 1 0
    outer loop
      vertex 15 0 25.645
      vertex 9.691541144431394 0 35.24392797495155
      vertex 10.045584412271571 0 35.55441558772843
    endloop
  endfacet
  facet normal 0 1 0
    outer loop
      vertex 15 0 25.645
      vertex 10.045584412271571 0 35.55441558772843
      vertex 10.356072025048446 0 35.908458855568604
    endloop
  endfacet
  facet normal 0 1 0
    outer loop
      vertex 15 0 25.645
      vertex 10.356072025048446 0 35.908458855568604
      vertex 10.61769145362398 0 36.300000000000004
    endloop
  endfacet
  facet normal 0 1 0
    outer loop
      vertex 15 0 25.645
      vertex 10.61769145362398 0 36.300000000000004
      vertex 10.825966317040631 0 36.722339643485675
    endloop
  endfacet
  facet normal 1 0 0
    outer loop
      vertex 15 -1.4 26.225
      vertex 15 -0.5999999999999979 26.225
      vertex 15 -1.4 44.45
    endloop
  endfacet
  facet normal 1 0 0
    outer loop
      vertex 15 -0.5999999999999979 26.225
      vertex 15 0 25.645
      vertex 15 0 44.45
    endloop
  endfacet
  facet normal 0 1 0
    outer loop
      vertex 15 0 25.645
      vertex 10.825966317040631 0 36.722339643485675
      vertex 15 0 44.45
    endloop
  endfacet
  facet normal 1 0 0
    outer loop
      vertex 15 -0.5999999999999979 26.225
      vertex 15 0 44.45
      vertex 15 -1.4 44.45
    endloop
  endfacet
  facet normal 0 1 0
    outer loop
      vertex 15 0 44.45
      vertex 10.825966317040631 0 36.722339643485675
      vertex 10.977332974640646 0 37.16825143763093
    endloop
  endfacet
  facet normal 0 1 0
    outer loop
      vertex 15 0 44.45
      vertex 10.977332974640646 0 37.16825143763093
      vertex 11.069201500945717 0 37.63010570800782
    endloop
  endfacet
  facet normal 0 1 0
    outer loop
      vertex 15 0 44.45
      vertex 11.069201500945717 0 37.63010570800782
      vertex 11.1 0 38.1
    endloop
  endfacet
  facet normal 0 1 0
    outer loop
      vertex 15 0 44.45
      vertex 11.1 0 38.1
      vertex 11.069201500945717 0 38.569894291992185
    endloop
  endfacet
  facet normal 0 1 0
    outer loop
      vertex 15 0 44.45
      vertex 11.069201500945717 0 38.569894291992185
      vertex 10.977332974640646 0 39.031748562369074
    endloop
  endfacet
  facet normal 0 1 0
    outer loop
      vertex 15 0 44.45
      vertex 10.61769145362398 0 39.9
      vertex 10.356072025048446 0 40.2915411444314
    endloop
  endfacet
  facet normal 0 1 0
    outer loop
      vertex 15 0 44.45
      vertex 10.977332974640646 0 39.031748562369074
      vertex 10.825966317040631 0 39.47766035651433
    endloop
  endfacet
  facet normal 0 1 0
    outer loop
      vertex 15 0 44.45
      vertex 10.825966317040631 0 39.47766035651433
      vertex 10.61769145362398 0 39.9
    endloop
  endfacet
  facet normal 0 1 0
    outer loop
      vertex 15 0 44.45
      vertex 9.3 0 41.21769145362398
      vertex 8.877660356514323 0 41.42596631704063
    endloop
  endfacet
  facet normal 0 1 0
    outer loop
      vertex 15 0 44.45
      vertex 8.877660356514323 0 41.42596631704063
      vertex 8.431748562369075 0 41.57733297464065
    endloop
  endfacet
  facet normal 0 1 0
    outer loop
      vertex 15 0 44.45
      vertex 9.691541144431394 0 40.95607202504845
      vertex 9.3 0 41.21769145362398
    endloop
  endfacet
  facet normal 0 1 0
    outer loop
      vertex 15 0 44.45
      vertex 10.045584412271571 0 40.645584412271575
      vertex 9.691541144431394 0 40.95607202504845
    endloop
  endfacet
  facet normal 0 1 0
    outer loop
      vertex 15 0 44.45
      vertex 10.356072025048446 0 40.2915411444314
      vertex 10.045584412271571 0 40.645584412271575
    endloop
  endfacet
  facet normal 0 -1 0
    outer loop
      vertex 0.6 -2 0.6
      vertex 5.308458855568606 -2 3.493927974951553
      vertex 4.954415587728429 -2 3.8044155877284282
    endloop
  endfacet
  facet normal 0 -1 0
    outer loop
      vertex 0.6 -2 0.6
      vertex 5.7 -2 3.2323085463760206
      vertex 5.308458855568606 -2 3.493927974951553
    endloop
  endfacet
  facet normal 1.4190887991601336e-19 -0.7189883760491118 -0.695022096847475
    outer loop
      vertex 0.6 -2 0.6
      vertex 0 -1.42 0
      vertex 15 -1.42 0
    endloop
  endfacet
  facet normal 0 0 -1
    outer loop
      vertex 0 -1.42 0
      vertex 0 -1.4 0
      vertex 15 -1.42 0
    endloop
  endfacet
  facet normal 0 -1 0
    outer loop
      vertex 0.6 -2 0.6
      vertex 6.1223396434856765 -2 3.0240336829593675
      vertex 5.7 -2 3.2323085463760206
    endloop
  endfacet
  facet normal 0 -1 0
    outer loop
      vertex 0.6 -2 0.6
      vertex 6.568251437630925 -2 2.8726670253593536
      vertex 6.1223396434856765 -2 3.0240336829593675
    endloop
  endfacet
  facet normal 0 -1 0
    outer loop
      vertex 0.6 -2 0.6
      vertex 4.643927974951554 -2 4.158458855568606
      vertex 4.382308546376021 -2 4.55
    endloop
  endfacet
  facet normal 0 -1 0
    outer loop
      vertex 0.6 -2 0.6
      vertex 4.382308546376021 -2 4.55
      vertex 4.174033682959368 -2 4.972339643485676
    endloop
  endfacet
  facet normal 0 -1 0
    outer loop
      vertex 0.6 -2 0.6
      vertex 4.174033682959368 -2 4.972339643485676
      vertex 4.022667025359354 -2 5.418251437630925
    endloop
  endfacet
  facet normal 0 -1 0
    outer loop
      vertex 0.6 -2 0.6
      vertex 4.022667025359354 -2 5.418251437630925
      vertex 3.9307984990542826 -2 5.880105708007814
    endloop
  endfacet
  facet normal 0 -1 0
    outer loop
      vertex 0.6 -2 0.6
      vertex 4.954415587728429 -2 3.8044155877284282
      vertex 4.643927974951554 -2 4.158458855568606
    endloop
  endfacet
  facet normal 0 -1 0
    outer loop
      vertex 0.6 -2 0.6
      vertex 3.9307984990542826 -2 5.880105708007814
      vertex 3.9 -2 6.35
    endloop
  endfacet
  facet normal 0 -1 0
    outer loop
      vertex 0.6 -2 0.6
      vertex 3.9 -2 6.35
      vertex 3.9307984990542826 -2 6.819894291992186
    endloop
  endfacet
  facet normal 0 -1 0
    outer loop
      vertex 0.6 -2 0.6
      vertex 3.9307984990542826 -2 6.819894291992186
      vertex 4.022667025359354 -2 7.281748562369074
    endloop
  endfacet
  facet normal 0 -1 0
    outer loop
      vertex 0.6 -2 0.6
      vertex 4.022667025359354 -2 7.281748562369074
      vertex 4.174033682959368 -2 7.727660356514323
    endloop
  endfacet
  facet normal -0.695022096847475 -0.7189883760491118 1.1319506507525658e-19
    outer loop
      vertex 0.6 -2 0.6
      vertex 0 -1.42 18.805000000000003
      vertex 0 -1.42 0
    endloop
  endfacet
  facet normal 0 -1 0
    outer loop
      vertex 0.6 -2 0.6
      vertex 4.174033682959368 -2 7.727660356514323
      vertex 0.6 -2 18.225
    endloop
  endfacet
  facet normal 0 -1 0
    outer loop
      vertex 0.6 -2 0.6
      vertex 14.4 -2 0.6
      vertex 6.568251437630925 -2 2.8726670253593536
    endloop
  endfacet
  facet normal 0 -0.7189883760491119 -0.6950220968474751
    outer loop
      vertex 0.6 -2 0.6
      vertex 15 -1.42 0
      vertex 14.4 -2 0.6
    endloop
  endfacet
  facet normal 0 0 -1
    outer loop
      vertex 0 -1.4 0
      vertex 15 -1.4 0
      vertex 15 -1.42 0
    endloop
  endfacet
  facet normal 0 -1 0
    outer loop
      vertex 14.4 -2 0.6
      vertex 7.5 -2 2.7499999999999996
      vertex 7.030105708007814 -2 2.7807984990542822
    endloop
  endfacet
  facet normal 0 -1 0
    outer loop
      vertex 14.4 -2 0.6
      vertex 7.030105708007814 -2 2.7807984990542822
      vertex 6.568251437630925 -2 2.8726670253593536
    endloop
  endfacet
  facet normal 0 -1 0
    outer loop
      vertex 14.4 -2 0.6
      vertex 7.969894291992186 -2 2.7807984990542822
      vertex 7.5 -2 2.7499999999999996
    endloop
  endfacet
  facet normal 0 -1 0
    outer loop
      vertex 14.4 -2 0.6
      vertex 8.431748562369075 -2 2.8726670253593536
      vertex 7.969894291992186 -2 2.7807984990542822
    endloop
  endfacet
  facet normal -0.695022096847475 -0.7189883760491119 0
    outer loop
      vertex 0.6 -2 0.6
      vertex 0.6 -2 18.225
      vertex 0 -1.42 18.805000000000003
    endloop
  endfacet
  facet normal -1 0 0
    outer loop
      vertex 0 -1.42 0
      vertex 0 -1.4 44.45
      vertex 0 -1.4 0
    endloop
  endfacet
  facet normal 0 -1 0
    outer loop
      vertex 0.6 -2 18.225
      vertex 4.174033682959368 -2 7.727660356514323
      vertex 4.382308546376021 -2 8.15
    endloop
  endfacet
  facet normal 0 -1 0
    outer loop
      vertex 0.6 -2 18.225
      vertex 4.382308546376021 -2 8.15
      vertex 4.643927974951554 -2 8.541541144431394
    endloop
  endfacet
  facet normal 0 -1 0
    outer loop
      vertex 0.6 -2 18.225
      vertex 4.643927974951554 -2 8.541541144431394
      vertex 4.954415587728429 -2 8.895584412271571
    endloop
  endfacet
  facet normal 0 -1 0
    outer loop
      vertex 0.6 -2 18.225
      vertex 4.954415587728429 -2 8.895584412271571
      vertex 5.308458855568606 -2 9.206072025048446
    endloop
  endfacet
  facet normal 0 -1 0
    outer loop
      vertex 0.6 -2 18.225
      vertex 5.308458855568606 -2 9.206072025048446
      vertex 5.7 -2 9.467691453623978
    endloop
  endfacet
  facet normal 0 -1 0
    outer loop
      vertex 0.6 -2 18.225
      vertex 5.7 -2 9.467691453623978
      vertex 6.1223396434856765 -2 9.675966317040633
    endloop
  endfacet
  facet normal 0 -1 0
    outer loop
      vertex 0.6 -2 18.225
      vertex 6.1223396434856765 -2 9.675966317040633
      vertex 6.568251437630925 -2 9.827332974640646
    endloop
  endfacet
  facet normal 0 -1 0
    outer loop
      vertex 0.6 -2 18.225
      vertex 6.568251437630925 -2 9.827332974640646
      vertex 7.030105708007814 -2 9.919201500945718
    endloop
  endfacet
  facet normal 0 -1 0
    outer loop
      vertex 0.6 -2 18.225
      vertex 7.030105708007814 -2 9.919201500945718
      vertex 7.5 -2 9.95
    endloop
  endfacet
  facet normal -1 0 0
    outer loop
      vertex 0 -1.42 0
      vertex 0 -1.42 18.805000000000003
      vertex 0 -1.4 44.45
    endloop
  endfacet
  facet normal 0 -1 0
    outer loop
      vertex 0.6 -2 18.225
      vertex 7.5 -2 9.95
      vertex 14.4 -2 18.225
    endloop
  endfacet
  facet normal 0 -1 0
    outer loop
      vertex 14.4 -2 18.225
      vertex 7.5 -2 9.95
      vertex 7.969894291992186 -2 9.919201500945718
    endloop
  endfacet
  facet normal 0 -1 0
    outer loop
      vertex 14.4 -2 18.225
      vertex 7.969894291992186 -2 9.919201500945718
      vertex 8.431748562369075 -2 9.827332974640646
    endloop
  endfacet
  facet normal 0 -1 0
    outer loop
      vertex 14.4 -2 0.6
      vertex 8.877660356514323 -2 3.0240336829593675
      vertex 8.431748562369075 -2 2.8726670253593536
    endloop
  endfacet
  facet normal 0 -1 0
    outer loop
      vertex 14.4 -2 0.6
      vertex 9.3 -2 3.2323085463760206
      vertex 8.877660356514323 -2 3.0240336829593675
    endloop
  endfacet
  facet normal 0 -1 0
    outer loop
      vertex 14.4 -2 0.6
      vertex 9.691541144431394 -2 3.493927974951553
      vertex 9.3 -2 3.2323085463760206
    endloop
  endfacet
  facet normal 0 -1 0
    outer loop
      vertex 14.4 -2 0.6
      vertex 10.045584412271571 -2 3.8044155877284282
      vertex 9.691541144431394 -2 3.493927974951553
    endloop
  endfacet
  facet normal 0 -1 0
    outer loop
      vertex 14.4 -2 0.6
      vertex 10.356072025048446 -2 4.158458855568606
      vertex 10.045584412271571 -2 3.8044155877284282
    endloop
  endfacet
  facet normal 0 -1 0
    outer loop
      vertex 14.4 -2 0.6
      vertex 10.61769145362398 -2 4.55
      vertex 10.356072025048446 -2 4.158458855568606
    endloop
  endfacet
  facet normal 0 -1 0
    outer loop
      vertex 14.4 -2 0.6
      vertex 10.825966317040631 -2 4.972339643485676
      vertex 10.61769145362398 -2 4.55
    endloop
  endfacet
  facet normal 0 -1 0
    outer loop
      vertex 14.4 -2 0.6
      vertex 10.977332974640646 -2 5.418251437630925
      vertex 10.825966317040631 -2 4.972339643485676
    endloop
  endfacet
  facet normal 0 -1 0
    outer loop
      vertex 14.4 -2 18.225
      vertex 11.069201500945717 -2 5.880105708007814
      vertex 10.977332974640646 -2 5.418251437630925
    endloop
  endfacet
  facet normal 0 -1 0
    outer loop
      vertex 14.4 -2 18.225
      vertex 11.1 -2 6.35
      vertex 11.069201500945717 -2 5.880105708007814
    endloop
  endfacet
  facet normal 0 -1 0
    outer loop
      vertex 14.4 -2 18.225
      vertex 10.825966317040631 -2 7.727660356514323
      vertex 10.977332974640646 -2 7.281748562369074
    endloop
  endfacet
  facet normal 0 -1 0
    outer loop
      vertex 14.4 -2 18.225
      vertex 11.069201500945717 -2 6.819894291992186
      vertex 11.1 -2 6.35
    endloop
  endfacet
  facet normal 0 -1 0
    outer loop
      vertex 14.4 -2 18.225
      vertex 10.977332974640646 -2 7.281748562369074
      vertex 11.069201500945717 -2 6.819894291992186
    endloop
  endfacet
  facet normal 0 -1 0
    outer loop
      vertex 14.4 -2 0.6
      vertex 14.4 -2 18.225
      vertex 10.977332974640646 -2 5.418251437630925
    endloop
  endfacet
  facet normal 0.6950220968474752 -0.7189883760491117 0
    outer loop
      vertex 14.4 -2 0.6
      vertex 15 -1.42 0
      vertex 14.4 -2 18.225
    endloop
  endfacet
  facet normal 1 0 0
    outer loop
      vertex 15 -1.42 0
      vertex 15 -1.4 0
      vertex 15 -1.42 18.225
    endloop
  endfacet
  facet normal 0 -1 0
    outer loop
      vertex 14.4 -2 18.225
      vertex 8.877660356514323 -2 9.675966317040633
      vertex 9.3 -2 9.467691453623978
    endloop
  endfacet
  facet normal 0 -1 0
    outer loop
      vertex 14.4 -2 18.225
      vertex 9.3 -2 9.467691453623978
      vertex 9.691541144431394 -2 9.206072025048446
    endloop
  endfacet
  facet normal 0 -1 0
    outer loop
      vertex 14.4 -2 18.225
      vertex 10.356072025048446 -2 8.541541144431394
      vertex 10.61769145362398 -2 8.15
    endloop
  endfacet
  facet normal 0 -1 0
    outer loop
      vertex 14.4 -2 18.225
      vertex 9.691541144431394 -2 9.206072025048446
      vertex 10.045584412271571 -2 8.895584412271571
    endloop
  endfacet
  facet normal 0 -1 0
    outer loop
      vertex 14.4 -2 18.225
      vertex 10.045584412271571 -2 8.895584412271571
      vertex 10.356072025048446 -2 8.541541144431394
    endloop
  endfacet
  facet normal 0 -1 0
    outer loop
      vertex 14.4 -2 18.225
      vertex 8.431748562369075 -2 9.827332974640646
      vertex 8.877660356514323 -2 9.675966317040633
    endloop
  endfacet
  facet normal 0 -1 0
    outer loop
      vertex 14.4 -2 18.225
      vertex 10.61769145362398 -2 8.15
      vertex 10.825966317040631 -2 7.727660356514323
    endloop
  endfacet
  facet normal 0.6950220968474752 -0.7189883760491117 0
    outer loop
      vertex 15 -1.42 0
      vertex 15 -1.42 18.225
      vertex 14.4 -2 18.225
    endloop
  endfacet
  facet normal 1 0 0
    outer loop
      vertex 15 -1.4 0
      vertex 15 -1.4 18.225
      vertex 15 -1.42 18.225
    endloop
  endfacet
  facet normal -1 0 0
    outer loop
      vertex 0 -1.42 18.825000000000003
      vertex 0 -1.4 44.45
      vertex 0 -1.42 18.805000000000003
    endloop
  endfacet
  facet normal -1 0 0
    outer loop
      vertex 0 -1.42 18.825000000000003
      vertex 0 -1.42 25.625
      vertex 0 -1.4 44.45
    endloop
  endfacet
  facet normal -0.695022096847475 -0.7189883760491119 0
    outer loop
      vertex 0.6 -2 26.225
      vertex 0.6 -2 43.85
      vertex 0 -1.42 25.645
    endloop
  endfacet
  facet normal -1 0 0
    outer loop
      vertex 0 -1.42 25.625
      vertex 0 -1.42 25.645
      vertex 0 -1.4 44.45
    endloop
  endfacet
  facet normal 0 -1 0
    outer loop
      vertex 0.6 -2 26.225
      vertex 4.643927974951554 -2 35.908458855568604
      vertex 4.382308546376021 -2 36.300000000000004
    endloop
  endfacet
  facet normal 0 -1 0
    outer loop
      vertex 0.6 -2 26.225
      vertex 4.382308546376021 -2 36.300000000000004
      vertex 4.174033682959368 -2 36.722339643485675
    endloop
  endfacet
  facet normal 0 -1 0
    outer loop
      vertex 0.6 -2 26.225
      vertex 4.954415587728429 -2 35.55441558772843
      vertex 4.643927974951554 -2 35.908458855568604
    endloop
  endfacet
  facet normal 0 -1 0
    outer loop
      vertex 0.6 -2 26.225
      vertex 5.7 -2 34.982308546376025
      vertex 5.308458855568606 -2 35.24392797495155
    endloop
  endfacet
  facet normal 0 -1 0
    outer loop
      vertex 0.6 -2 26.225
      vertex 5.308458855568606 -2 35.24392797495155
      vertex 4.954415587728429 -2 35.55441558772843
    endloop
  endfacet
  facet normal 0 -1 0
    outer loop
      vertex 0.6 -2 26.225
      vertex 6.568251437630925 -2 34.622667025359355
      vertex 6.1223396434856765 -2 34.77403368295937
    endloop
  endfacet
  facet normal 0 -1 0
    outer loop
      vertex 0.6 -2 26.225
      vertex 7.030105708007814 -2 34.530798499054285
      vertex 6.568251437630925 -2 34.622667025359355
    endloop
  endfacet
  facet normal 0 -1 0
    outer loop
      vertex 0.6 -2 26.225
      vertex 6.1223396434856765 -2 34.77403368295937
      vertex 5.7 -2 34.982308546376025
    endloop
  endfacet
  facet normal 0 -1 0
    outer loop
      vertex 0.6 -2 26.225
      vertex 14.4 -2 26.225
      vertex 7.030105708007814 -2 34.530798499054285
    endloop
  endfacet
  facet normal 0 -1 0
    outer loop
      vertex 14.4 -2 26.225
      vertex 7.5 -2 34.5
      vertex 7.030105708007814 -2 34.530798499054285
    endloop
  endfacet
  facet normal 0 -1 0
    outer loop
      vertex 14.4 -2 26.225
      vertex 7.969894291992186 -2 34.530798499054285
      vertex 7.5 -2 34.5
    endloop
  endfacet
  facet normal 0 -1 0
    outer loop
      vertex 14.4 -2 26.225
      vertex 8.431748562369075 -2 34.622667025359355
      vertex 7.969894291992186 -2 34.530798499054285
    endloop
  endfacet
  facet normal 0 -1 0
    outer loop
      vertex 0.6 -2 26.225
      vertex 4.174033682959368 -2 36.722339643485675
      vertex 0.6 -2 43.85
    endloop
  endfacet
  facet normal -0.695022096847475 -0.7189883760491118 0
    outer loop
      vertex 0 -1.42 25.645
      vertex 0.6 -2 43.85
      vertex 0 -1.42 44.45
    endloop
  endfacet
  facet normal -1 0 0
    outer loop
      vertex 0 -1.42 25.645
      vertex 0 -1.42 44.45
      vertex 0 -1.4 44.45
    endloop
  endfacet
  facet normal 0 -1 0
    outer loop
      vertex 0.6 -2 43.85
      vertex 4.174033682959368 -2 36.722339643485675
      vertex 4.022667025359354 -2 37.16825143763093
    endloop
  endfacet
  facet normal 0 -1 0
    outer loop
      vertex 0.6 -2 43.85
      vertex 4.022667025359354 -2 37.16825143763093
      vertex 3.9307984990542826 -2 37.63010570800782
    endloop
  endfacet
  facet normal 0 -1 0
    outer loop
      vertex 0.6 -2 43.85
      vertex 3.9307984990542826 -2 37.63010570800782
      vertex 3.9 -2 38.1
    endloop
  endfacet
  facet normal 0 -1 0
    outer loop
      vertex 0.6 -2 43.85
      vertex 3.9 -2 38.1
      vertex 3.9307984990542826 -2 38.569894291992185
    endloop
  endfacet
  facet normal 0 -1 0
    outer loop
      vertex 0.6 -2 43.85
      vertex 3.9307984990542826 -2 38.569894291992185
      vertex 4.022667025359354 -2 39.031748562369074
    endloop
  endfacet
  facet normal 0 -1 0
    outer loop
      vertex 0.6 -2 43.85
      vertex 4.022667025359354 -2 39.031748562369074
      vertex 4.174033682959368 -2 39.47766035651433
    endloop
  endfacet
  facet normal 0 -1 0
    outer loop
      vertex 0.6 -2 43.85
      vertex 4.174033682959368 -2 39.47766035651433
      vertex 4.382308546376021 -2 39.9
    endloop
  endfacet
  facet normal 0 -1 0
    outer loop
      vertex 0.6 -2 43.85
      vertex 4.382308546376021 -2 39.9
      vertex 4.643927974951554 -2 40.2915411444314
    endloop
  endfacet
  facet normal 0 -1 0
    outer loop
      vertex 0.6 -2 43.85
      vertex 4.643927974951554 -2 40.2915411444314
      vertex 4.954415587728429 -2 40.645584412271575
    endloop
  endfacet
  facet normal 0 -1 0
    outer loop
      vertex 0.6 -2 43.85
      vertex 4.954415587728429 -2 40.645584412271575
      vertex 5.308458855568606 -2 40.95607202504845
    endloop
  endfacet
  facet normal 0 -1 0
    outer loop
      vertex 0.6 -2 43.85
      vertex 5.308458855568606 -2 40.95607202504845
      vertex 5.7 -2 41.21769145362398
    endloop
  endfacet
  facet normal 0 -1 0
    outer loop
      vertex 0.6 -2 43.85
      vertex 5.7 -2 41.21769145362398
      vertex 6.1223396434856765 -2 41.42596631704063
    endloop
  endfacet
  facet normal 0 -1 0
    outer loop
      vertex 0.6 -2 43.85
      vertex 6.1223396434856765 -2 41.42596631704063
      vertex 6.568251437630925 -2 41.57733297464065
    endloop
  endfacet
  facet normal 2.1286331987402767e-19 -0.7189883760491127 0.6950220968474741
    outer loop
      vertex 0.6 -2 43.85
      vertex 15 -1.42 44.45
      vertex 0 -1.42 44.45
    endloop
  endfacet
  facet normal 0 0 1
    outer loop
      vertex 0 -1.42 44.45
      vertex 15 -1.42 44.45
      vertex 0 -1.4 44.45
    endloop
  endfacet
  facet normal 0 -1 0
    outer loop
      vertex 0.6 -2 43.85
      vertex 6.568251437630925 -2 41.57733297464065
      vertex 14.4 -2 43.85
    endloop
  endfacet
  facet normal 0 -1 0
    outer loop
      vertex 14.4 -2 43.85
      vertex 6.568251437630925 -2 41.57733297464065
      vertex 7.030105708007814 -2 41.66920150094572
    endloop
  endfacet
  facet normal 0 -1 0
    outer loop
      vertex 14.4 -2 43.85
      vertex 7.030105708007814 -2 41.66920150094572
      vertex 7.5 -2 41.7
    endloop
  endfacet
  facet normal 0 -1 0
    outer loop
      vertex 14.4 -2 43.85
      vertex 7.969894291992186 -2 41.66920150094572
      vertex 8.431748562369075 -2 41.57733297464065
    endloop
  endfacet
  facet normal 0 -1 0
    outer loop
      vertex 14.4 -2 43.85
      vertex 7.5 -2 41.7
      vertex 7.969894291992186 -2 41.66920150094572
    endloop
  endfacet
  facet normal 0 -0.7189883760491127 0.695022096847474
    outer loop
      vertex 0.6 -2 43.85
      vertex 14.4 -2 43.85
      vertex 15 -1.42 44.45
    endloop
  endfacet
  facet normal 0 0 1
    outer loop
      vertex 0 -1.4 44.45
      vertex 15 -1.42 44.45
      vertex 15 -1.4 44.45
    endloop
  endfacet
  facet normal 0 -1 0
    outer loop
      vertex 14.4 -2 26.225
      vertex 8.877660356514323 -2 34.77403368295937
      vertex 8.431748562369075 -2 34.622667025359355
    endloop
  endfacet
  facet normal 0 -1 0
    outer loop
      vertex 14.4 -2 26.225
      vertex 9.3 -2 34.982308546376025
      vertex 8.877660356514323 -2 34.77403368295937
    endloop
  endfacet
  facet normal 0 -1 0
    outer loop
      vertex 14.4 -2 26.225
      vertex 9.691541144431394 -2 35.24392797495155
      vertex 9.3 -2 34.982308546376025
    endloop
  endfacet
  facet normal 0 -1 0
    outer loop
      vertex 14.4 -2 26.225
      vertex 10.045584412271571 -2 35.55441558772843
      vertex 9.691541144431394 -2 35.24392797495155
    endloop
  endfacet
  facet normal 0 -1 0
    outer loop
      vertex 14.4 -2 26.225
      vertex 10.356072025048446 -2 35.908458855568604
      vertex 10.045584412271571 -2 35.55441558772843
    endloop
  endfacet
  facet normal 0 -1 0
    outer loop
      vertex 14.4 -2 26.225
      vertex 10.61769145362398 -2 36.300000000000004
      vertex 10.356072025048446 -2 35.908458855568604
    endloop
  endfacet
  facet normal 0 -1 0
    outer loop
      vertex 14.4 -2 26.225
      vertex 10.825966317040631 -2 36.722339643485675
      vertex 10.61769145362398 -2 36.300000000000004
    endloop
  endfacet
  facet normal 0.6950220968474752 -0.7189883760491117 0
    outer loop
      vertex 14.4 -2 26.225
      vertex 15 -1.42 26.225
      vertex 14.4 -2 43.85
    endloop
  endfacet
  facet normal 1 0 0
    outer loop
      vertex 15 -1.4 26.225
      vertex 15 -1.42 44.45
      vertex 15 -1.42 26.225
    endloop
  endfacet
  facet normal 0 -1 0
    outer loop
      vertex 14.4 -2 26.225
      vertex 10.977332974640646 -2 37.16825143763093
      vertex 10.825966317040631 -2 36.722339643485675
    endloop
  endfacet
  facet normal 0 -1 0
    outer loop
      vertex 14.4 -2 26.225
      vertex 11.069201500945717 -2 37.63010570800782
      vertex 10.977332974640646 -2 37.16825143763093
    endloop
  endfacet
  facet normal 0 -1 0
    outer loop
      vertex 14.4 -2 26.225
      vertex 11.1 -2 38.1
      vertex 11.069201500945717 -2 37.63010570800782
    endloop
  endfacet
  facet normal 0 -1 0
    outer loop
      vertex 14.4 -2 26.225
      vertex 11.069201500945717 -2 38.569894291992185
      vertex 11.1 -2 38.1
    endloop
  endfacet
  facet normal 0 -1 0
    outer loop
      vertex 14.4 -2 26.225
      vertex 10.977332974640646 -2 39.031748562369074
      vertex 11.069201500945717 -2 38.569894291992185
    endloop
  endfacet
  facet normal 0 -1 0
    outer loop
      vertex 14.4 -2 26.225
      vertex 14.4 -2 43.85
      vertex 10.977332974640646 -2 39.031748562369074
    endloop
  endfacet
  facet normal 0.6950220968474752 -0.7189883760491117 0
    outer loop
      vertex 15 -1.42 26.225
      vertex 15 -1.42 44.45
      vertex 14.4 -2 43.85
    endloop
  endfacet
  facet normal 1 0 0
    outer loop
      vertex 15 -1.4 26.225
      vertex 15 -1.4 44.45
      vertex 15 -1.42 44.45
    endloop
  endfacet
  facet normal 0 -1 0
    outer loop
      vertex 14.4 -2 43.85
      vertex 10.045584412271571 -2 40.645584412271575
      vertex 10.356072025048446 -2 40.2915411444314
    endloop
  endfacet
  facet normal 0 -1 0
    outer loop
      vertex 14.4 -2 43.85
      vertex 10.356072025048446 -2 40.2915411444314
      vertex 10.61769145362398 -2 39.9
    endloop
  endfacet
  facet normal 0 -1 0
    outer loop
      vertex 14.4 -2 43.85
      vertex 10.825966317040631 -2 39.47766035651433
      vertex 10.977332974640646 -2 39.031748562369074
    endloop
  endfacet
  facet normal 0 -1 0
    outer loop
      vertex 14.4 -2 43.85
      vertex 10.61769145362398 -2 39.9
      vertex 10.825966317040631 -2 39.47766035651433
    endloop
  endfacet
  facet normal 0 -1 0
    outer loop
      vertex 14.4 -2 43.85
      vertex 8.431748562369075 -2 41.57733297464065
      vertex 8.877660356514323 -2 41.42596631704063
    endloop
  endfacet
  facet normal 0 -1 0
    outer loop
      vertex 14.4 -2 43.85
      vertex 9.3 -2 41.21769145362398
      vertex 9.691541144431394 -2 40.95607202504845
    endloop
  endfacet
  facet normal 0 -1 0
    outer loop
      vertex 14.4 -2 43.85
      vertex 8.877660356514323 -2 41.42596631704063
      vertex 9.3 -2 41.21769145362398
    endloop
  endfacet
  facet normal 0 -1 0
    outer loop
      vertex 14.4 -2 43.85
      vertex 9.691541144431394 -2 40.95607202504845
      vertex 10.045584412271571 -2 40.645584412271575
    endloop
  endfacet
  facet normal -1 0 0
    outer loop
      vertex 0 -21 18.825000000000003
      vertex 0 -1.42 25.625
      vertex 0 -1.42 18.825000000000003
    endloop
  endfacet
  facet normal 0 1 0
    outer loop
      vertex 15 0 18.825000000000003
      vertex 21 0 25.625
      vertex 21 0 18.825000000000003
    endloop
  endfacet
  facet normal -1 0 0
    outer loop
      vertex 0 -21 18.825000000000003
      vertex 0 -21 25.625
      vertex 0 -1.42 25.625
    endloop
  endfacet
  facet normal -5.224578939412501e-16 1 4.609922593599267e-16
    outer loop
      vertex 15 0 18.825000000000003
      vertex 15 -3.1347473636475003e-15 25.625
      vertex 21 0 25.625
    endloop
  endfacet
  facet normal 0 -0.6950220968474752 -0.7189883760491118
    outer loop
      vertex 0 -21 18.805000000000003
      vertex 0.6 -20.4 18.225
      vertex 0.019999999999999574 -21 18.805000000000003
    endloop
  endfacet
  facet normal -5.596704370981194e-16 -0.6950220968474753 -0.7189883760491115
    outer loop
      vertex 0.019999999999999574 -21 18.805000000000003
      vertex 0.6 -20.4 18.225
      vertex 0.6294761098616818 -20.4 18.225
    endloop
  endfacet
  facet normal 0 -1 0
    outer loop
      vertex 0 -21 18.805000000000003
      vertex 0.019999999999999574 -21 18.805000000000003
      vertex 0 -21 18.825000000000003
    endloop
  endfacet
  facet normal 0 0 -1
    outer loop
      vertex 0.6 -20.4 18.225
      vertex 5.114790426845332 -16.181274357575923 18.225
      vertex 0.6294761098616818 -20.4 18.225
    endloop
  endfacet
  facet normal 0 0 -1
    outer loop
      vertex 0.6294761098616818 -20.4 18.225
      vertex 4.4799335372415285 -19.372915470529293 18.225
      vertex 4.429476109861678 -20.4 18.225
    endloop
  endfacet
  facet normal 0 0 -1
    outer loop
      vertex 0.6294761098616818 -20.4 18.225
      vertex 4.718964345306375 -17.76150065453227 18.225
      vertex 4.4799335372415285 -19.372915470529293 18.225
    endloop
  endfacet
  facet normal -1 0 0
    outer loop
      vertex 0 -21 18.805000000000003
      vertex 0 -21 18.825000000000003
      vertex 0 -1.42 18.825000000000003
    endloop
  endfacet
  facet normal -0.6950220968474761 0 -0.7189883760491109
    outer loop
      vertex 0 -21 18.805000000000003
      vertex 0 -1.42 18.805000000000003
      vertex 0.6 -20.4 18.225
    endloop
  endfacet
  facet normal 0 0 -1
    outer loop
      vertex 0.6294761098616818 -20.4 18.225
      vertex 5.114790426845332 -16.181274357575923 18.225
      vertex 4.718964345306375 -17.76150065453227 18.225
    endloop
  endfacet
  facet normal 0 0 -1
    outer loop
      vertex 0.6 -20.4 18.225
      vertex 0.6 -2 18.225
      vertex 5.114790426845332 -16.181274357575923 18.225
    endloop
  endfacet
  facet normal 0 0 -1
    outer loop
      vertex 5.114790426845332 -16.181274357575923 18.225
      vertex 0.6 -2 18.225
      vertex 5.663599760312639 -14.647455022739509 18.225
    endloop
  endfacet
  facet normal 0 0 -1
    outer loop
      vertex 5.663599760312639 -14.647455022739509 18.225
      vertex 0.6 -2 18.225
      vertex 6.3601070118173055 -13.174814168688439 18.225
    endloop
  endfacet
  facet normal -0.6950220968474761 0 -0.7189883760491109
    outer loop
      vertex 0.6 -20.4 18.225
      vertex 0 -1.42 18.805000000000003
      vertex 0.6 -2 18.225
    endloop
  endfacet
  facet normal -1 0 0
    outer loop
      vertex 0 -21 18.805000000000003
      vertex 0 -1.42 18.825000000000003
      vertex 0 -1.42 18.805000000000003
    endloop
  endfacet
  facet normal 0 0 -1
    outer loop
      vertex 6.3601070118173055 -13.174814168688439 18.225
      vertex 0.6 -2 18.225
      vertex 7.197604435777748 -11.777534131874603 18.225
    endloop
  endfacet
  facet normal 0 0 -1
    outer loop
      vertex 7.197604435777748 -11.777534131874603 18.225
      vertex 0.6 -2 18.225
      vertex 8.168026474178564 -10.469071482883484 18.225
    endloop
  endfacet
  facet normal 0 0 -1
    outer loop
      vertex 8.168026474178564 -10.469071482883484 18.225
      vertex 0.6 -2 18.225
      vertex 9.26202743230331 -9.26202743230331 18.225
    endloop
  endfacet
  facet normal 0 0 -1
    outer loop
      vertex 9.26202743230331 -9.26202743230331 18.225
      vertex 0.6 -2 18.225
      vertex 10.469071482883484 -8.168026474178564 18.225
    endloop
  endfacet
  facet normal 0 0 -1
    outer loop
      vertex 0.6 -2 18.225
      vertex 11.777534131874603 -7.197604435777748 18.225
      vertex 10.469071482883484 -8.168026474178564 18.225
    endloop
  endfacet
  facet normal 0 0 -1
    outer loop
      vertex 0.6 -2 18.225
      vertex 13.174814168688439 -6.3601070118173055 18.225
      vertex 11.777534131874603 -7.197604435777748 18.225
    endloop
  endfacet
  facet normal 0 0 -1
    outer loop
      vertex 0.6 -2 18.225
      vertex 14.647455022739509 -5.663599760312639 18.225
      vertex 13.174814168688439 -6.3601070118173055 18.225
    endloop
  endfacet
  facet normal 0 0 -1
    outer loop
      vertex 0.6 -2 18.225
      vertex 14.4 -2 18.225
      vertex 14.647455022739509 -5.663599760312639 18.225
    endloop
  endfacet
  facet normal 0 0 -1
    outer loop
      vertex 14.647455022739509 -5.663599760312639 18.225
      vertex 14.4 -2 18.225
      vertex 20.400000000000002 -0.5999999999999979 18.225
    endloop
  endfacet
  facet normal 0 0 -1
    outer loop
      vertex 14.647455022739509 -5.663599760312639 18.225
      vertex 20.400000000000002 -0.6294761098616817 18.225
      vertex 16.181274357575923 -5.114790426845332 18.225
    endloop
  endfacet
  facet normal 0 0 -1
    outer loop
      vertex 16.181274357575923 -5.114790426845332 18.225
      vertex 20.400000000000002 -0.6294761098616817 18.225
      vertex 17.76150065453227 -4.718964345306375 18.225
    endloop
  endfacet
  facet normal 0 0 -1
    outer loop
      vertex 14.4 -2 18.225
      vertex 15 -1.42 18.225
      vertex 20.400000000000002 -0.5999999999999979 18.225
    endloop
  endfacet
  facet normal 0 0 -1
    outer loop
      vertex 15 -1.4 18.225
      vertex 20.400000000000002 -0.5999999999999979 18.225
      vertex 15 -1.42 18.225
    endloop
  endfacet
  facet normal 0 0 -1
    outer loop
      vertex 15 -1.4 18.225
      vertex 15 -0.5999999999999979 18.225
      vertex 20.400000000000002 -0.5999999999999979 18.225
    endloop
  endfacet
  facet normal 0 0.6950220968474773 -0.7189883760491096
    outer loop
      vertex 15 -0.5999999999999979 18.225
      vertex 15 0 18.805000000000003
      vertex 20.400000000000002 -0.5999999999999979 18.225
    endloop
  endfacet
  facet normal 0 1 0
    outer loop
      vertex 15 0 18.805000000000003
      vertex 15 0 18.825000000000003
      vertex 21 0 18.825000000000003
    endloop
  endfacet
  facet normal 0 0 -1
    outer loop
      vertex 14.647455022739509 -5.663599760312639 18.225
      vertex 20.400000000000002 -0.5999999999999979 18.225
      vertex 20.400000000000002 -0.6294761098616817 18.225
    endloop
  endfacet
  facet normal 0 0 -1
    outer loop
      vertex 17.76150065453227 -4.718964345306375 18.225
      vertex 20.400000000000002 -0.6294761098616817 18.225
      vertex 19.372915470529293 -4.4799335372415285 18.225
    endloop
  endfacet
  facet normal 0 0 -1
    outer loop
      vertex 19.372915470529293 -4.4799335372415285 18.225
      vertex 20.400000000000002 -0.6294761098616817 18.225
      vertex 20.400000000000002 -4.429476109861678 18.225
    endloop
  endfacet
  facet normal 0 0.6950220968474773 -0.7189883760491096
    outer loop
      vertex 15 0 18.805000000000003
      vertex 21 0 18.805000000000003
      vertex 20.400000000000002 -0.5999999999999979 18.225
    endloop
  endfacet
  facet normal 0 1 0
    outer loop
      vertex 15 0 18.805000000000003
      vertex 21 0 18.825000000000003
      vertex 21 0 18.805000000000003
    endloop
  endfacet
  facet normal 0.6950220968474774 0 -0.7189883760491096
    outer loop
      vertex 20.400000000000002 -0.6294761098616817 18.225
      vertex 20.400000000000002 -0.5999999999999979 18.225
      vertex 21 -0.019999999999999574 18.805000000000003
    endloop
  endfacet
  facet normal 0.6950220968474774 4.2572663974781323e-16 -0.7189883760491095
    outer loop
      vertex 20.400000000000002 -0.5999999999999979 18.225
      vertex 21 0 18.805000000000003
      vertex 21 -0.019999999999999574 18.805000000000003
    endloop
  endfacet
  facet normal 1 0 0
    outer loop
      vertex 21 0 18.805000000000003
      vertex 21 0 18.825000000000003
      vertex 21 -0.019999999999999574 18.805000000000003
    endloop
  endfacet
  facet normal 0 -1 0
    outer loop
      vertex 0 -21 25.625
      vertex 0.019999999999999574 -21 25.645
      vertex 0 -21 25.645
    endloop
  endfacet
  facet normal 0 -0.6950220968474752 0.7189883760491118
    outer loop
      vertex 0 -21 25.645
      vertex 0.019999999999999574 -21 25.645
      vertex 0.6294761098616818 -20.4 26.225
    endloop
  endfacet
  facet normal 5.596704370981187e-16 -0.695022096847475 0.7189883760491119
    outer loop
      vertex 0 -21 25.645
      vertex 0.6294761098616818 -20.4 26.225
      vertex 0.6 -20.4 26.225
    endloop
  endfacet
  facet normal 0 0 1
    outer loop
      vertex 0.6 -20.4 26.225
      vertex 0.6294761098616818 -20.4 26.225
      vertex 5.663599760312639 -14.647455022739509 26.225
    endloop
  endfacet
  facet normal 0 0 1
    outer loop
      vertex 0.6294761098616818 -20.4 26.225
      vertex 4.429476109861678 -20.4 26.225
      vertex 4.4799335372415285 -19.372915470529293 26.225
    endloop
  endfacet
  facet normal 0 0 1
    outer loop
      vertex 0.6294761098616818 -20.4 26.225
      vertex 4.4799335372415285 -19.372915470529293 26.225
      vertex 4.718964345306375 -17.76150065453227 26.225
    endloop
  endfacet
  facet normal -1 0 0
    outer loop
      vertex 0 -21 25.625
      vertex 0 -21 25.645
      vertex 0 -1.42 25.645
    endloop
  endfacet
  facet normal -0.6950220968474761 0 0.7189883760491109
    outer loop
      vertex 0 -21 25.645
      vertex 0.6 -20.4 26.225
      vertex 0 -1.42 25.645
    endloop
  endfacet
  facet normal 0 0 1
    outer loop
      vertex 0.6294761098616818 -20.4 26.225
      vertex 4.718964345306375 -17.76150065453227 26.225
      vertex 5.114790426845332 -16.181274357575923 26.225
    endloop
  endfacet
  facet normal 0 0 1
    outer loop
      vertex 0.6294761098616818 -20.4 26.225
      vertex 5.114790426845332 -16.181274357575923 26.225
      vertex 5.663599760312639 -14.647455022739509 26.225
    endloop
  endfacet
  facet normal 0 0 1
    outer loop
      vertex 0.6 -20.4 26.225
      vertex 5.663599760312639 -14.647455022739509 26.225
      vertex 0.6 -2 26.225
    endloop
  endfacet
  facet normal 0 0 1
    outer loop
      vertex 5.663599760312639 -14.647455022739509 26.225
      vertex 6.3601070118173055 -13.174814168688439 26.225
      vertex 0.6 -2 26.225
    endloop
  endfacet
  facet normal -1 0 0
    outer loop
      vertex 0 -21 25.625
      vertex 0 -1.42 25.645
      vertex 0 -1.42 25.625
    endloop
  endfacet
  facet normal -0.6950220968474761 0 0.7189883760491109
    outer loop
      vertex 0.6 -20.4 26.225
      vertex 0.6 -2 26.225
      vertex 0 -1.42 25.645
    endloop
  endfacet
  facet normal 0 0 1
    outer loop
      vertex 6.3601070118173055 -13.174814168688439 26.225
      vertex 7.197604435777748 -11.777534131874603 26.225
      vertex 0.6 -2 26.225
    endloop
  endfacet
  facet normal 0 0 1
    outer loop
      vertex 7.197604435777748 -11.777534131874603 26.225
      vertex 8.168026474178564 -10.469071482883484 26.225
      vertex 0.6 -2 26.225
    endloop
  endfacet
  facet normal 0 0 1
    outer loop
      vertex 8.168026474178564 -10.469071482883484 26.225
      vertex 9.26202743230331 -9.26202743230331 26.225
      vertex 0.6 -2 26.225
    endloop
  endfacet
  facet normal 0 0 1
    outer loop
      vertex 9.26202743230331 -9.26202743230331 26.225
      vertex 10.469071482883484 -8.168026474178564 26.225
      vertex 0.6 -2 26.225
    endloop
  endfacet
  facet normal 0 0 1
    outer loop
      vertex 0.6 -2 26.225
      vertex 10.469071482883484 -8.168026474178564 26.225
      vertex 11.777534131874603 -7.197604435777748 26.225
    endloop
  endfacet
  facet normal 0 0 1
    outer loop
      vertex 0.6 -2 26.225
      vertex 11.777534131874603 -7.197604435777748 26.225
      vertex 13.174814168688439 -6.3601070118173055 26.225
    endloop
  endfacet
  facet normal 0 0 1
    outer loop
      vertex 0.6 -2 26.225
      vertex 13.174814168688439 -6.3601070118173055 26.225
      vertex 14.647455022739509 -5.663599760312639 26.225
    endloop
  endfacet
  facet normal 0 0 1
    outer loop
      vertex 0.6 -2 26.225
      vertex 14.647455022739509 -5.663599760312639 26.225
      vertex 16.181274357575923 -5.114790426845332 26.225
    endloop
  endfacet
  facet normal 0 0 1
    outer loop
      vertex 0.6 -2 26.225
      vertex 16.181274357575923 -5.114790426845332 26.225
      vertex 14.4 -2 26.225
    endloop
  endfacet
  facet normal 0 0 1
    outer loop
      vertex 14.4 -2 26.225
      vertex 16.181274357575923 -5.114790426845332 26.225
      vertex 15 -1.42 26.225
    endloop
  endfacet
  facet normal 0 0 1
    outer loop
      vertex 16.181274357575923 -5.114790426845332 26.225
      vertex 17.76150065453227 -4.718964345306375 26.225
      vertex 20.400000000000002 -0.6294761098616817 26.225
    endloop
  endfacet
  facet normal 0 0 1
    outer loop
      vertex 15 -1.42 26.225
      vertex 16.181274357575923 -5.114790426845332 26.225
      vertex 20.400000000000002 -0.5999999999999979 26.225
    endloop
  endfacet
  facet normal 0 0 1
    outer loop
      vertex 15 -1.4 26.225
      vertex 15 -1.42 26.225
      vertex 20.400000000000002 -0.5999999999999979 26.225
    endloop
  endfacet
  facet normal 0 0 1
    outer loop
      vertex 15 -1.4 26.225
      vertex 20.400000000000002 -0.5999999999999979 26.225
      vertex 15 -0.5999999999999979 26.225
    endloop
  endfacet
  facet normal -1.4742804907621658e-32 1 -1.5673736818237835e-13
    outer loop
      vertex 15 -3.1347473636475003e-15 25.625
      vertex 15 0 25.645
      vertex 21 0 25.645
    endloop
  endfacet
  facet normal 0 0.6950220968474773 0.7189883760491096
    outer loop
      vertex 15 -0.5999999999999979 26.225
      vertex 20.400000000000002 -0.5999999999999979 26.225
      vertex 15 0 25.645
    endloop
  endfacet
  facet normal 0 0 1
    outer loop
      vertex 17.76150065453227 -4.718964345306375 26.225
      vertex 19.372915470529293 -4.4799335372415285 26.225
      vertex 20.400000000000002 -0.6294761098616817 26.225
    endloop
  endfacet
  facet normal 0 0 1
    outer loop
      vertex 19.372915470529293 -4.4799335372415285 26.225
      vertex 20.400000000000002 -4.429476109861678 26.225
      vertex 20.400000000000002 -0.6294761098616817 26.225
    endloop
  endfacet
  facet normal 0 0 1
    outer loop
      vertex 16.181274357575923 -5.114790426845332 26.225
      vertex 20.400000000000002 -0.6294761098616817 26.225
      vertex 20.400000000000002 -0.5999999999999979 26.225
    endloop
  endfacet
  facet normal -5.224578939412501e-16 1 6.573840876841906e-30
    outer loop
      vertex 15 -3.1347473636475003e-15 25.625
      vertex 21 0 25.645
      vertex 21 0 25.625
    endloop
  endfacet
  facet normal 0 0.6950220968474773 0.7189883760491096
    outer loop
      vertex 15 0 25.645
      vertex 20.400000000000002 -0.5999999999999979 26.225
      vertex 21 0 25.645
    endloop
  endfacet
  facet normal 0.6950220968474774 0 0.7189883760491096
    outer loop
      vertex 20.400000000000002 -0.6294761098616817 26.225
      vertex 21 -0.019999999999999574 25.645
      vertex 20.400000000000002 -0.5999999999999979 26.225
    endloop
  endfacet
  facet normal 0.6950220968474775 -4.2572663974781343e-16 0.7189883760491094
    outer loop
      vertex 20.400000000000002 -0.5999999999999979 26.225
      vertex 21 -0.019999999999999574 25.645
      vertex 21 0 25.645
    endloop
  endfacet
  facet normal 1 0 0
    outer loop
      vertex 21 0 25.625
      vertex 21 0 25.645
      vertex 21 -0.019999999999999574 25.645
    endloop
  endfacet
  facet normal -0.740951125354959 -0.6715589548470186 0
    outer loop
      vertex 4.766780479382522 -34.322258967436554 18.825000000000003
      vertex 6.150757595082501 -35.8492424049175 18.825000000000003
      vertex 4.766780479382522 -34.322258967436554 25.625
    endloop
  endfacet
  facet normal -0.8032075314806447 -0.5956993044924336 8.855290320957873e-18
    outer loop
      vertex 4.766780479382522 -34.322258967436554 18.825000000000003
      vertex 3.53913814164655 -32.66697489341165 25.625
      vertex 3.53913814164655 -32.66697489341165 18.825000000000003
    endloop
  endfacet
  facet normal -0.9415440651830208 -0.33688985339222 -4.516866959156387e-18
    outer loop
      vertex 1.5985298172629783 -29.036352079666884 18.825000000000003
      vertex 0.9042529496236149 -27.09597822234371 25.625
      vertex 0.9042529496236149 -27.09597822234371 18.825000000000003
    endloop
  endfacet
  facet normal -0.9039892931234437 -0.4275550934302814 2.871400782469816e-18
    outer loop
      vertex 2.4796534486845445 -30.899331473345953 18.825000000000003
      vertex 1.5985298172629783 -29.036352079666884 25.625
      vertex 1.5985298172629783 -29.036352079666884 18.825000000000003
    endloop
  endfacet
  facet normal -0.8577286100002721 -0.5141027441932218 6.730519982091926e-19
    outer loop
      vertex 3.53913814164655 -32.66697489341165 18.825000000000003
      vertex 2.4796534486845445 -30.899331473345953 25.625
      vertex 2.4796534486845445 -30.899331473345953 18.825000000000003
    endloop
  endfacet
  facet normal -0.9700312531945438 -0.2429801799032651 1.774669343075763e-18
    outer loop
      vertex 0.9042529496236149 -27.09597822234371 18.825000000000003
      vertex 0.4035091115321592 -25.096896762338694 25.625
      vertex 0.4035091115321592 -25.096896762338694 18.825000000000003
    endloop
  endfacet
  facet normal -0.9891765099647809 -0.14673047445536166 7.345010071604704e-20
    outer loop
      vertex 0.4035091115321592 -25.096896762338694 18.825000000000003
      vertex 0.10112073988386427 -23.058359946920774 25.625
      vertex 0.10112073988386427 -23.058359946920774 18.825000000000003
    endloop
  endfacet
  facet normal -0.9987954562051725 -0.04906767432741744 8.731901992096683e-19
    outer loop
      vertex 0.10112073988386427 -23.058359946920774 18.825000000000003
      vertex 0 -21 25.625
      vertex 0 -21 18.825000000000003
    endloop
  endfacet
  facet normal -0.8577286100002721 -0.5141027441932218 0
    outer loop
      vertex 3.53913814164655 -32.66697489341165 18.825000000000003
      vertex 3.53913814164655 -32.66697489341165 25.625
      vertex 2.4796534486845445 -30.899331473345953 25.625
    endloop
  endfacet
  facet normal -0.8032075314806447 -0.5956993044924336 0
    outer loop
      vertex 4.766780479382522 -34.322258967436554 18.825000000000003
      vertex 4.766780479382522 -34.322258967436554 25.625
      vertex 3.53913814164655 -32.66697489341165 25.625
    endloop
  endfacet
  facet normal -0.9039892931234437 -0.4275550934302814 0
    outer loop
      vertex 2.4796534486845445 -30.899331473345953 18.825000000000003
      vertex 2.4796534486845445 -30.899331473345953 25.625
      vertex 1.5985298172629783 -29.036352079666884 25.625
    endloop
  endfacet
  facet normal -0.9415440651830208 -0.33688985339222 0
    outer loop
      vertex 1.5985298172629783 -29.036352079666884 18.825000000000003
      vertex 1.5985298172629783 -29.036352079666884 25.625
      vertex 0.9042529496236149 -27.09597822234371 25.625
    endloop
  endfacet
  facet normal -0.740951125354959 -0.6715589548470186 0
    outer loop
      vertex 6.150757595082501 -35.8492424049175 18.825000000000003
      vertex 6.150757595082501 -35.8492424049175 25.625
      vertex 4.766780479382522 -34.322258967436554 25.625
    endloop
  endfacet
  facet normal -0.9700312531945438 -0.2429801799032651 0
    outer loop
      vertex 0.9042529496236149 -27.09597822234371 18.825000000000003
      vertex 0.9042529496236149 -27.09597822234371 25.625
      vertex 0.4035091115321592 -25.096896762338694 25.625
    endloop
  endfacet
  facet normal -0.9891765099647809 -0.14673047445536166 0
    outer loop
      vertex 0.4035091115321592 -25.096896762338694 18.825000000000003
      vertex 0.4035091115321592 -25.096896762338694 25.625
      vertex 0.10112073988386427 -23.058359946920774 25.625
    endloop
  endfacet
  facet normal -0.9987954562051725 -0.04906767432741744 0
    outer loop
      vertex 0.10112073988386427 -23.058359946920774 18.825000000000003
      vertex 0.10112073988386427 -23.058359946920774 25.625
      vertex 0 -21 25.625
    endloop
  endfacet
  facet normal 0.7409511253549578 -0.6715589548470199 0
    outer loop
      vertex 35.8492424049175 -35.8492424049175 18.825000000000003
      vertex 37.23321952061748 -34.322258967436554 18.825000000000003
      vertex 35.8492424049175 -35.8492424049175 25.625
    endloop
  endfacet
  facet normal 0.8032075314806447 -0.5956993044924336 0
    outer loop
      vertex 37.23321952061748 -34.322258967436554 18.825000000000003
      vertex 38.460861858353454 -32.66697489341165 18.825000000000003
      vertex 37.23321952061748 -34.322258967436554 25.625
    endloop
  endfacet
  facet normal 0.8577286100002729 -0.5141027441932206 0
    outer loop
      vertex 38.460861858353454 -32.66697489341165 18.825000000000003
      vertex 39.520346551315455 -30.899331473345953 18.825000000000003
      vertex 38.460861858353454 -32.66697489341165 25.625
    endloop
  endfacet
  facet normal 0.9039892931234437 -0.4275550934302814 0
    outer loop
      vertex 39.520346551315455 -30.899331473345953 18.825000000000003
      vertex 40.40147018273702 -29.036352079666884 18.825000000000003
      vertex 39.520346551315455 -30.899331473345953 25.625
    endloop
  endfacet
  facet normal 0.9415440651830203 -0.3368898533922215 0
    outer loop
      vertex 40.40147018273702 -29.036352079666884 18.825000000000003
      vertex 41.09574705037639 -27.09597822234371 18.825000000000003
      vertex 40.40147018273702 -29.036352079666884 25.625
    endloop
  endfacet
  facet normal 0.970031253194544 -0.24298017990326343 0
    outer loop
      vertex 41.09574705037639 -27.09597822234371 18.825000000000003
      vertex 41.59649088846784 -25.096896762338694 18.825000000000003
      vertex 41.09574705037639 -27.09597822234371 25.625
    endloop
  endfacet
  facet normal 0.9891765099647813 -0.14673047445535997 0
    outer loop
      vertex 41.59649088846784 -25.096896762338694 18.825000000000003
      vertex 41.89887926011613 -23.058359946920774 18.825000000000003
      vertex 41.59649088846784 -25.096896762338694 25.625
    endloop
  endfacet
  facet normal 0.9987954562051723 -0.04906767432741916 0
    outer loop
      vertex 41.89887926011613 -23.058359946920774 18.825000000000003
      vertex 42 -21 18.825000000000003
      vertex 41.89887926011613 -23.058359946920774 25.625
    endloop
  endfacet
  facet normal 0.9987954562051723 0.04906767432741916 0
    outer loop
      vertex 42 -21 18.825000000000003
      vertex 41.89887926011613 -18.941640053079226 18.825000000000003
      vertex 42 -21 25.625
    endloop
  endfacet
  facet normal 0.7409511253549578 -0.6715589548470199 0
    outer loop
      vertex 37.23321952061748 -34.322258967436554 18.825000000000003
      vertex 37.23321952061748 -34.322258967436554 25.625
      vertex 35.8492424049175 -35.8492424049175 25.625
    endloop
  endfacet
  facet normal 0.8032075314806447 -0.5956993044924336 0
    outer loop
      vertex 38.460861858353454 -32.66697489341165 18.825000000000003
      vertex 38.460861858353454 -32.66697489341165 25.625
      vertex 37.23321952061748 -34.322258967436554 25.625
    endloop
  endfacet
  facet normal 0.8577286100002729 -0.5141027441932206 0
    outer loop
      vertex 39.520346551315455 -30.899331473345953 18.825000000000003
      vertex 39.520346551315455 -30.899331473345953 25.625
      vertex 38.460861858353454 -32.66697489341165 25.625
    endloop
  endfacet
  facet normal 0.9039892931234437 -0.4275550934302814 0
    outer loop
      vertex 40.40147018273702 -29.036352079666884 18.825000000000003
      vertex 40.40147018273702 -29.036352079666884 25.625
      vertex 39.520346551315455 -30.899331473345953 25.625
    endloop
  endfacet
  facet normal 0.9415440651830203 -0.3368898533922215 0
    outer loop
      vertex 41.09574705037639 -27.09597822234371 18.825000000000003
      vertex 41.09574705037639 -27.09597822234371 25.625
      vertex 40.40147018273702 -29.036352079666884 25.625
    endloop
  endfacet
  facet normal 0.970031253194544 -0.24298017990326343 0
    outer loop
      vertex 41.59649088846784 -25.096896762338694 18.825000000000003
      vertex 41.59649088846784 -25.096896762338694 25.625
      vertex 41.09574705037639 -27.09597822234371 25.625
    endloop
  endfacet
  facet normal 0.9891765099647813 -0.14673047445535997 0
    outer loop
      vertex 41.89887926011613 -23.058359946920774 18.825000000000003
      vertex 41.89887926011613 -23.058359946920774 25.625
      vertex 41.59649088846784 -25.096896762338694 25.625
    endloop
  endfacet
  facet normal 0.9987954562051723 -0.04906767432741916 0
    outer loop
      vertex 42 -21 18.825000000000003
      vertex 42 -21 25.625
      vertex 41.89887926011613 -23.058359946920774 25.625
    endloop
  endfacet
  facet normal 0.9987954562051723 0.04906767432741916 0
    outer loop
      vertex 41.89887926011613 -18.941640053079226 18.825000000000003
      vertex 41.89887926011613 -18.941640053079226 25.625
      vertex 42 -21 25.625
    endloop
  endfacet
  facet normal 0.04906767432741744 0.9987954562051725 0
    outer loop
      vertex 21 0 18.825000000000003
      vertex 21 0 25.625
      vertex 23.058359946920774 -0.10112073988386427 18.825000000000003
    endloop
  endfacet
  facet normal 0.14673047445536166 0.9891765099647809 0
    outer loop
      vertex 23.058359946920774 -0.10112073988386427 18.825000000000003
      vertex 23.058359946920774 -0.10112073988386427 25.625
      vertex 25.096896762338694 -0.4035091115321592 18.825000000000003
    endloop
  endfacet
  facet normal 0.2429801799032651 0.9700312531945438 0
    outer loop
      vertex 25.096896762338694 -0.4035091115321592 18.825000000000003
      vertex 25.096896762338694 -0.4035091115321592 25.625
      vertex 27.09597822234371 -0.9042529496236149 18.825000000000003
    endloop
  endfacet
  facet normal 0.33688985339222 0.9415440651830208 0
    outer loop
      vertex 27.09597822234371 -0.9042529496236149 18.825000000000003
      vertex 27.09597822234371 -0.9042529496236149 25.625
      vertex 29.036352079666884 -1.5985298172629783 18.825000000000003
    endloop
  endfacet
  facet normal 0.5141027441932218 0.8577286100002721 0
    outer loop
      vertex 30.899331473345953 -2.4796534486845445 18.825000000000003
      vertex 30.899331473345953 -2.4796534486845445 25.625
      vertex 32.66697489341165 -3.53913814164655 18.825000000000003
    endloop
  endfacet
  facet normal 0.4275550934302814 0.9039892931234437 2.871400782469816e-18
    outer loop
      vertex 30.899331473345953 -2.4796534486845445 18.825000000000003
      vertex 29.036352079666884 -1.5985298172629783 18.825000000000003
      vertex 29.036352079666884 -1.5985298172629783 25.625
    endloop
  endfacet
  facet normal 0.9891765099647813 0.14673047445535997 0
    outer loop
      vertex 41.89887926011613 -18.941640053079226 18.825000000000003
      vertex 41.59649088846784 -16.903103237661306 18.825000000000003
      vertex 41.89887926011613 -18.941640053079226 25.625
    endloop
  endfacet
  facet normal 0.970031253194544 0.24298017990326343 0
    outer loop
      vertex 41.59649088846784 -16.903103237661306 18.825000000000003
      vertex 41.09574705037639 -14.90402177765629 18.825000000000003
      vertex 41.59649088846784 -16.903103237661306 25.625
    endloop
  endfacet
  facet normal 0.9415440651830204 0.3368898533922212 0
    outer loop
      vertex 41.09574705037639 -14.90402177765629 18.825000000000003
      vertex 40.40147018273702 -12.963647920333115 18.825000000000003
      vertex 41.09574705037639 -14.90402177765629 25.625
    endloop
  endfacet
  facet normal 0.8577286100002726 0.5141027441932208 -3.1586582181444072e-18
    outer loop
      vertex 38.460861858353454 -9.333025106588355 18.825000000000003
      vertex 39.520346551315455 -11.100668526654049 25.625
      vertex 39.520346551315455 -11.100668526654049 18.825000000000003
    endloop
  endfacet
  facet normal 0.9039892931234433 0.4275550934302821 0
    outer loop
      vertex 40.40147018273702 -12.963647920333115 18.825000000000003
      vertex 39.520346551315455 -11.100668526654049 18.825000000000003
      vertex 40.40147018273702 -12.963647920333115 25.625
    endloop
  endfacet
  facet normal 0.6715589548470186 0.740951125354959 0
    outer loop
      vertex 34.322258967436554 -4.766780479382522 18.825000000000003
      vertex 34.322258967436554 -4.766780479382522 25.625
      vertex 35.8492424049175 -6.150757595082501 18.825000000000003
    endloop
  endfacet
  facet normal 0.5956993044924336 0.8032075314806447 8.855290320957873e-18
    outer loop
      vertex 34.322258967436554 -4.766780479382522 18.825000000000003
      vertex 32.66697489341165 -3.53913814164655 18.825000000000003
      vertex 32.66697489341165 -3.53913814164655 25.625
    endloop
  endfacet
  facet normal 0.8032075314806456 0.5956993044924324 0
    outer loop
      vertex 38.460861858353454 -9.333025106588355 18.825000000000003
      vertex 37.23321952061748 -7.6777410325634445 18.825000000000003
      vertex 38.460861858353454 -9.333025106588355 25.625
    endloop
  endfacet
  facet normal 0.7409511253549578 0.6715589548470199 1.0360000136433378e-17
    outer loop
      vertex 35.8492424049175 -6.150757595082501 18.825000000000003
      vertex 37.23321952061748 -7.6777410325634445 25.625
      vertex 37.23321952061748 -7.6777410325634445 18.825000000000003
    endloop
  endfacet
  facet normal 0.04906767432741744 0.9987954562051725 0
    outer loop
      vertex 23.058359946920774 -0.10112073988386427 18.825000000000003
      vertex 21 0 25.625
      vertex 23.058359946920774 -0.10112073988386427 25.625
    endloop
  endfacet
  facet normal 0.14673047445536166 0.9891765099647809 0
    outer loop
      vertex 25.096896762338694 -0.4035091115321592 18.825000000000003
      vertex 23.058359946920774 -0.10112073988386427 25.625
      vertex 25.096896762338694 -0.4035091115321592 25.625
    endloop
  endfacet
  facet normal 0.2429801799032651 0.9700312531945438 0
    outer loop
      vertex 27.09597822234371 -0.9042529496236149 18.825000000000003
      vertex 25.096896762338694 -0.4035091115321592 25.625
      vertex 27.09597822234371 -0.9042529496236149 25.625
    endloop
  endfacet
  facet normal 0.33688985339222 0.9415440651830208 0
    outer loop
      vertex 29.036352079666884 -1.5985298172629783 18.825000000000003
      vertex 27.09597822234371 -0.9042529496236149 25.625
      vertex 29.036352079666884 -1.5985298172629783 25.625
    endloop
  endfacet
  facet normal 0.4275550934302814 0.9039892931234437 0
    outer loop
      vertex 30.899331473345953 -2.4796534486845445 18.825000000000003
      vertex 29.036352079666884 -1.5985298172629783 25.625
      vertex 30.899331473345953 -2.4796534486845445 25.625
    endloop
  endfacet
  facet normal 0.9891765099647813 0.14673047445535997 1.920779319746078e-18
    outer loop
      vertex 41.89887926011613 -18.941640053079226 25.625
      vertex 41.59649088846784 -16.903103237661306 18.825000000000003
      vertex 41.59649088846784 -16.903103237661306 25.625
    endloop
  endfacet
  facet normal 0.970031253194544 0.24298017990326343 0
    outer loop
      vertex 41.09574705037639 -14.90402177765629 18.825000000000003
      vertex 41.09574705037639 -14.90402177765629 25.625
      vertex 41.59649088846784 -16.903103237661306 25.625
    endloop
  endfacet
  facet normal 0.8577286100002726 0.5141027441932208 0
    outer loop
      vertex 38.460861858353454 -9.333025106588355 18.825000000000003
      vertex 38.460861858353454 -9.333025106588355 25.625
      vertex 39.520346551315455 -11.100668526654049 25.625
    endloop
  endfacet
  facet normal 0.9415440651830204 0.3368898533922212 0
    outer loop
      vertex 40.40147018273702 -12.963647920333115 18.825000000000003
      vertex 40.40147018273702 -12.963647920333115 25.625
      vertex 41.09574705037639 -14.90402177765629 25.625
    endloop
  endfacet
  facet normal 0.9039892931234433 0.4275550934302821 0
    outer loop
      vertex 39.520346551315455 -11.100668526654049 18.825000000000003
      vertex 39.520346551315455 -11.100668526654049 25.625
      vertex 40.40147018273702 -12.963647920333115 25.625
    endloop
  endfacet
  facet normal 0.6715589548470186 0.740951125354959 0
    outer loop
      vertex 35.8492424049175 -6.150757595082501 18.825000000000003
      vertex 34.322258967436554 -4.766780479382522 25.625
      vertex 35.8492424049175 -6.150757595082501 25.625
    endloop
  endfacet
  facet normal 0.7409511253549578 0.6715589548470199 0
    outer loop
      vertex 35.8492424049175 -6.150757595082501 18.825000000000003
      vertex 35.8492424049175 -6.150757595082501 25.625
      vertex 37.23321952061748 -7.6777410325634445 25.625
    endloop
  endfacet
  facet normal 0.5141027441932218 0.8577286100002721 0
    outer loop
      vertex 32.66697489341165 -3.53913814164655 18.825000000000003
      vertex 30.899331473345953 -2.4796534486845445 25.625
      vertex 32.66697489341165 -3.53913814164655 25.625
    endloop
  endfacet
  facet normal 0.5956993044924336 0.8032075314806447 0
    outer loop
      vertex 34.322258967436554 -4.766780479382522 18.825000000000003
      vertex 32.66697489341165 -3.53913814164655 25.625
      vertex 34.322258967436554 -4.766780479382522 25.625
    endloop
  endfacet
  facet normal 0.8032075314806456 0.5956993044924324 0
    outer loop
      vertex 37.23321952061748 -7.6777410325634445 18.825000000000003
      vertex 37.23321952061748 -7.6777410325634445 25.625
      vertex 38.460861858353454 -9.333025106588355 25.625
    endloop
  endfacet
  facet normal -0.5682956575826003 -0.4214767848901614 -0.7066805256772063
    outer loop
      vertex 4.766780479382522 -34.322258967436554 18.825000000000003
      vertex 4.03801990902808 -32.333632753599886 18.225
      vertex 5.230586751400166 -33.941622996938364 18.225
    endloop
  endfacet
  facet normal -0.5682956575826005 -0.42147678489016144 -0.706680525677206
    outer loop
      vertex 4.766780479382522 -34.322258967436554 18.825000000000003
      vertex 3.53913814164655 -32.66697489341165 18.825000000000003
      vertex 4.03801990902808 -32.333632753599886 18.225
    endloop
  endfacet
  facet normal -0.6396020575606324 -0.3025092438137923 -0.7066805256772066
    outer loop
      vertex 2.4796534486845445 -30.899331473345953 18.825000000000003
      vertex 2.1528575367697513 -28.80674202024783 18.225
      vertex 3.00880620729356 -30.61649343125035 18.225
    endloop
  endfacet
  facet normal -0.6396020575606348 -0.30250924381379213 -0.7066805256772045
    outer loop
      vertex 2.4796534486845445 -30.899331473345953 18.825000000000003
      vertex 1.5985298172629783 -29.036352079666884 18.825000000000003
      vertex 2.1528575367697513 -28.80674202024783 18.225
    endloop
  endfacet
  facet normal -0.6661732898343405 -0.2383606144896452 -0.7066805256772046
    outer loop
      vertex 1.5985298172629783 -29.036352079666884 18.825000000000003
      vertex 1.478417151062942 -26.921807415991033 18.225
      vertex 2.1528575367697513 -28.80674202024783 18.225
    endloop
  endfacet
  facet normal -0.6661732898343398 -0.2383606144896454 -0.7066805256772054
    outer loop
      vertex 1.5985298172629783 -29.036352079666884 18.825000000000003
      vertex 0.9042529496236149 -27.09597822234371 18.825000000000003
      vertex 1.478417151062942 -26.921807415991033 18.225
    endloop
  endfacet
  facet normal 0 0 -1
    outer loop
      vertex 4.03801990902808 -32.333632753599886 18.225
      vertex 3.00880620729356 -30.61649343125035 18.225
      vertex 0.6294761098616818 -20.4 18.225
    endloop
  endfacet
  facet normal -0.6068711078305672 -0.3637445437516375 -0.7066805256772066
    outer loop
      vertex 3.53913814164655 -32.66697489341165 18.825000000000003
      vertex 2.4796534486845445 -30.899331473345953 18.825000000000003
      vertex 3.00880620729356 -30.61649343125035 18.225
    endloop
  endfacet
  facet normal -0.6068711078305679 -0.36374454375163756 -0.7066805256772062
    outer loop
      vertex 3.53913814164655 -32.66697489341165 18.825000000000003
      vertex 3.00880620729356 -30.61649343125035 18.225
      vertex 4.03801990902808 -32.333632753599886 18.225
    endloop
  endfacet
  facet normal 0 0 -1
    outer loop
      vertex 5.230586751400166 -33.941622996938364 18.225
      vertex 0.6294761098616818 -20.4 18.225
      vertex 6.5750216637944305 -35.42497833620557 18.225
    endloop
  endfacet
  facet normal 0 0 -1
    outer loop
      vertex 5.230586751400166 -33.941622996938364 18.225
      vertex 4.03801990902808 -32.333632753599886 18.225
      vertex 0.6294761098616818 -20.4 18.225
    endloop
  endfacet
  facet normal 0 0 -1
    outer loop
      vertex 6.5750216637944305 -35.42497833620557 18.225
      vertex 0.6294761098616818 -20.4 18.225
      vertex 7.197604435777748 -30.222465868125397 18.225
    endloop
  endfacet
  facet normal -0.5242472094901055 -0.475149974187545 -0.7066805256772063
    outer loop
      vertex 4.766780479382522 -34.322258967436554 18.825000000000003
      vertex 5.230586751400166 -33.941622996938364 18.225
      vertex 6.150757595082501 -35.8492424049175 18.825000000000003
    endloop
  endfacet
  facet normal -0.5242472094901076 -0.47514997418754534 -0.7066805256772045
    outer loop
      vertex 5.230586751400166 -33.941622996938364 18.225
      vertex 6.5750216637944305 -35.42497833620557 18.225
      vertex 6.150757595082501 -35.8492424049175 18.825000000000003
    endloop
  endfacet
  facet normal 0 0 -1
    outer loop
      vertex 6.5750216637944305 -35.42497833620557 18.225
      vertex 7.197604435777748 -30.222465868125397 18.225
      vertex 8.168026474178564 -31.530928517116514 18.225
    endloop
  endfacet
  facet normal 0 0 -1
    outer loop
      vertex 6.5750216637944305 -35.42497833620557 18.225
      vertex 8.168026474178564 -31.530928517116514 18.225
      vertex 9.26202743230331 -32.73797256769669 18.225
    endloop
  endfacet
  facet normal -0.6863289091595773 -0.17191644214679738 -0.7066805256772054
    outer loop
      vertex 0.9042529496236149 -27.09597822234371 18.825000000000003
      vertex 0.9919802797741006 -24.979842569129016 18.225
      vertex 1.478417151062942 -26.921807415991033 18.225
    endloop
  endfacet
  facet normal -0.6863289091595761 -0.17191644214679774 -0.7066805256772065
    outer loop
      vertex 0.9042529496236149 -27.09597822234371 18.825000000000003
      vertex 0.4035091115321592 -25.096896762338694 18.825000000000003
      vertex 0.9919802797741006 -24.979842569129016 18.225
    endloop
  endfacet
  facet normal 0 0 -1
    outer loop
      vertex 2.1528575367697513 -28.80674202024783 18.225
      vertex 0.6294761098616818 -20.4 18.225
      vertex 3.00880620729356 -30.61649343125035 18.225
    endloop
  endfacet
  facet normal 0 0 -1
    outer loop
      vertex 2.1528575367697513 -28.80674202024783 18.225
      vertex 1.478417151062942 -26.921807415991033 18.225
      vertex 0.6294761098616818 -20.4 18.225
    endloop
  endfacet
  facet normal -0.6998748059040614 -0.10381662048698846 -0.7066805256772065
    outer loop
      vertex 0.4035091115321592 -25.096896762338694 18.825000000000003
      vertex 0.6982315758871849 -22.999549662723037 18.225
      vertex 0.9919802797741006 -24.979842569129016 18.225
    endloop
  endfacet
  facet normal 0 0 -1
    outer loop
      vertex 1.478417151062942 -26.921807415991033 18.225
      vertex 0.9919802797741006 -24.979842569129016 18.225
      vertex 0.6294761098616818 -20.4 18.225
    endloop
  endfacet
  facet normal -0.6998748059040619 -0.1038166204869882 -0.706680525677206
    outer loop
      vertex 0.4035091115321592 -25.096896762338694 18.825000000000003
      vertex 0.10112073988386427 -23.058359946920774 18.825000000000003
      vertex 0.6982315758871849 -22.999549662723037 18.225
    endloop
  endfacet
  facet normal 0 0 -1
    outer loop
      vertex 7.197604435777748 -30.222465868125397 18.225
      vertex 0.6294761098616818 -20.4 18.225
      vertex 6.3601070118173055 -28.82518583131156 18.225
    endloop
  endfacet
  facet normal 0 0 -1
    outer loop
      vertex 6.3601070118173055 -28.82518583131156 18.225
      vertex 0.6294761098616818 -20.4 18.225
      vertex 5.663599760312639 -27.352544977260493 18.225
    endloop
  endfacet
  facet normal 0 0 -1
    outer loop
      vertex 5.114790426845332 -25.818725642424077 18.225
      vertex 5.663599760312639 -27.352544977260493 18.225
      vertex 0.6294761098616818 -20.4 18.225
    endloop
  endfacet
  facet normal 0 0 -1
    outer loop
      vertex 5.114790426845332 -25.818725642424077 18.225
      vertex 0.6294761098616818 -20.4 18.225
      vertex 4.718964345306375 -24.23849934546773 18.225
    endloop
  endfacet
  facet normal -0.7066805256772049 -0.034716988019952155 -0.706680525677206
    outer loop
      vertex 0.10112073988386427 -23.058359946920774 18.825000000000003
      vertex 0.6000000000000014 -21 18.225
      vertex 0.6982315758871849 -22.999549662723037 18.225
    endloop
  endfacet
  facet normal 0 0 -1
    outer loop
      vertex 0.9919802797741006 -24.979842569129016 18.225
      vertex 0.6982315758871849 -22.999549662723037 18.225
      vertex 0.6294761098616818 -20.4 18.225
    endloop
  endfacet
  facet normal -0.7066805256772053 -0.03471698801995181 -0.7066805256772053
    outer loop
      vertex 0.10112073988386427 -23.058359946920774 18.825000000000003
      vertex 0.019999999999999574 -21 18.805000000000003
      vertex 0.6000000000000014 -21 18.225
    endloop
  endfacet
  facet normal 0 0 -1
    outer loop
      vertex 0.6982315758871849 -22.999549662723037 18.225
      vertex 0.6000000000000014 -21 18.225
      vertex 0.6294761098616818 -20.4 18.225
    endloop
  endfacet
  facet normal -0.7066805256772054 -0.034716988019951815 -0.7066805256772053
    outer loop
      vertex 0.10112073988386427 -23.058359946920774 18.825000000000003
      vertex 0 -21 18.825000000000003
      vertex 0.019999999999999574 -21 18.805000000000003
    endloop
  endfacet
  facet normal -0.7066805256772054 0.034716988019952155 -0.7066805256772054
    outer loop
      vertex 0.6000000000000014 -21 18.225
      vertex 0.019999999999999574 -21 18.805000000000003
      vertex 0.6294761098616818 -20.4 18.225
    endloop
  endfacet
  facet normal 0 0 -1
    outer loop
      vertex 4.718964345306375 -24.23849934546773 18.225
      vertex 0.6294761098616818 -20.4 18.225
      vertex 4.4799335372415285 -22.627084529470707 18.225
    endloop
  endfacet
  facet normal 0 0 -1
    outer loop
      vertex 0.6294761098616818 -20.4 18.225
      vertex 4.399999999999999 -21 18.225
      vertex 4.4799335372415285 -22.627084529470707 18.225
    endloop
  endfacet
  facet normal 0 0 -1
    outer loop
      vertex 0.6294761098616818 -20.4 18.225
      vertex 4.429476109861678 -20.4 18.225
      vertex 4.399999999999999 -21 18.225
    endloop
  endfacet
  facet normal 0 0 -1
    outer loop
      vertex 20.400000000000002 -4.429476109861678 18.225
      vertex 21 -0.6000000000000014 18.225
      vertex 21 -4.399999999999999 18.225
    endloop
  endfacet
  facet normal 0 0 -1
    outer loop
      vertex 20.400000000000002 -4.429476109861678 18.225
      vertex 20.400000000000002 -0.6294761098616817 18.225
      vertex 21 -0.6000000000000014 18.225
    endloop
  endfacet
  facet normal -0.03471698801995222 0.7066805256772053 -0.7066805256772053
    outer loop
      vertex 20.400000000000002 -0.6294761098616817 18.225
      vertex 21 -0.019999999999999574 18.805000000000003
      vertex 21 -0.6000000000000014 18.225
    endloop
  endfacet
  facet normal 0 0 -1
    outer loop
      vertex 32.73797256769669 -32.73797256769669 18.225
      vertex 33.83197352582144 -31.530928517116514 18.225
      vertex 35.42497833620557 -35.42497833620557 18.225
    endloop
  endfacet
  facet normal 0.5242472094901085 -0.4751499741875456 -0.7066805256772037
    outer loop
      vertex 35.42497833620557 -35.42497833620557 18.225
      vertex 36.76941324859983 -33.941622996938364 18.225
      vertex 35.8492424049175 -35.8492424049175 18.825000000000003
    endloop
  endfacet
  facet normal 0.5242472094901028 -0.4751499741875444 -0.7066805256772086
    outer loop
      vertex 35.8492424049175 -35.8492424049175 18.825000000000003
      vertex 36.76941324859983 -33.941622996938364 18.225
      vertex 37.23321952061748 -34.322258967436554 18.825000000000003
    endloop
  endfacet
  facet normal 0 0 -1
    outer loop
      vertex 35.42497833620557 -35.42497833620557 18.225
      vertex 33.83197352582144 -31.530928517116514 18.225
      vertex 34.80239556422225 -30.222465868125397 18.225
    endloop
  endfacet
  facet normal 0 0 -1
    outer loop
      vertex 35.42497833620557 -35.42497833620557 18.225
      vertex 36.336400239687364 -27.352544977260493 18.225
      vertex 36.76941324859983 -33.941622996938364 18.225
    endloop
  endfacet
  facet normal 0 0 -1
    outer loop
      vertex 35.42497833620557 -35.42497833620557 18.225
      vertex 34.80239556422225 -30.222465868125397 18.225
      vertex 35.639892988182694 -28.82518583131156 18.225
    endloop
  endfacet
  facet normal 0 0 -1
    outer loop
      vertex 35.42497833620557 -35.42497833620557 18.225
      vertex 35.639892988182694 -28.82518583131156 18.225
      vertex 36.336400239687364 -27.352544977260493 18.225
    endloop
  endfacet
  facet normal 0 0 -1
    outer loop
      vertex 36.76941324859983 -33.941622996938364 18.225
      vertex 36.336400239687364 -27.352544977260493 18.225
      vertex 36.88520957315467 -25.818725642424077 18.225
    endloop
  endfacet
  facet normal 0.5682956575825978 -0.4214767848901603 -0.7066805256772088
    outer loop
      vertex 37.23321952061748 -34.322258967436554 18.825000000000003
      vertex 36.76941324859983 -33.941622996938364 18.225
      vertex 37.96198009097192 -32.333632753599886 18.225
    endloop
  endfacet
  facet normal 0.5682956575825991 -0.42147678489016044 -0.7066805256772077
    outer loop
      vertex 37.23321952061748 -34.322258967436554 18.825000000000003
      vertex 37.96198009097192 -32.333632753599886 18.225
      vertex 38.460861858353454 -32.66697489341165 18.825000000000003
    endloop
  endfacet
  facet normal 0 0 -1
    outer loop
      vertex 36.76941324859983 -33.941622996938364 18.225
      vertex 37.281035654693625 -24.23849934546773 18.225
      vertex 37.96198009097192 -32.333632753599886 18.225
    endloop
  endfacet
  facet normal 0.6068711078305663 -0.3637445437516366 -0.7066805256772078
    outer loop
      vertex 37.96198009097192 -32.333632753599886 18.225
      vertex 38.99119379270644 -30.61649343125035 18.225
      vertex 38.460861858353454 -32.66697489341165 18.825000000000003
    endloop
  endfacet
  facet normal 0.6068711078305679 -0.3637445437516367 -0.7066805256772066
    outer loop
      vertex 38.460861858353454 -32.66697489341165 18.825000000000003
      vertex 38.99119379270644 -30.61649343125035 18.225
      vertex 39.520346551315455 -30.899331473345953 18.825000000000003
    endloop
  endfacet
  facet normal 0 0 -1
    outer loop
      vertex 36.76941324859983 -33.941622996938364 18.225
      vertex 36.88520957315467 -25.818725642424077 18.225
      vertex 37.281035654693625 -24.23849934546773 18.225
    endloop
  endfacet
  facet normal 0.6396020575606324 -0.3025092438137923 -0.7066805256772066
    outer loop
      vertex 38.99119379270644 -30.61649343125035 18.225
      vertex 39.84714246323025 -28.80674202024783 18.225
      vertex 39.520346551315455 -30.899331473345953 18.825000000000003
    endloop
  endfacet
  facet normal 0.6396020575606348 -0.30250924381379213 -0.7066805256772045
    outer loop
      vertex 39.520346551315455 -30.899331473345953 18.825000000000003
      vertex 39.84714246323025 -28.80674202024783 18.225
      vertex 40.40147018273702 -29.036352079666884 18.825000000000003
    endloop
  endfacet
  facet normal 0.6661732898343405 -0.2383606144896452 -0.7066805256772046
    outer loop
      vertex 39.84714246323025 -28.80674202024783 18.225
      vertex 40.52158284893706 -26.921807415991033 18.225
      vertex 40.40147018273702 -29.036352079666884 18.825000000000003
    endloop
  endfacet
  facet normal 0.6661732898343374 -0.2383606144896458 -0.7066805256772074
    outer loop
      vertex 40.40147018273702 -29.036352079666884 18.825000000000003
      vertex 40.52158284893706 -26.921807415991033 18.225
      vertex 41.09574705037639 -27.09597822234371 18.825000000000003
    endloop
  endfacet
  facet normal 0 0 -1
    outer loop
      vertex 37.96198009097192 -32.333632753599886 18.225
      vertex 37.281035654693625 -24.23849934546773 18.225
      vertex 37.52006646275847 -22.627084529470707 18.225
    endloop
  endfacet
  facet normal 0 0 -1
    outer loop
      vertex 37.96198009097192 -32.333632753599886 18.225
      vertex 37.52006646275847 -22.627084529470707 18.225
      vertex 37.6 -21 18.225
    endloop
  endfacet
  facet normal 0 0 -1
    outer loop
      vertex 37.96198009097192 -32.333632753599886 18.225
      vertex 38.99119379270644 -11.383506568749649 18.225
      vertex 38.99119379270644 -30.61649343125035 18.225
    endloop
  endfacet
  facet normal 0.6863289091595751 -0.17191644214679805 -0.7066805256772076
    outer loop
      vertex 40.52158284893706 -26.921807415991033 18.225
      vertex 41.0080197202259 -24.979842569129016 18.225
      vertex 41.09574705037639 -27.09597822234371 18.825000000000003
    endloop
  endfacet
  facet normal 0.6863289091595783 -0.17191644214679708 -0.7066805256772046
    outer loop
      vertex 41.09574705037639 -27.09597822234371 18.825000000000003
      vertex 41.0080197202259 -24.979842569129016 18.225
      vertex 41.59649088846784 -25.096896762338694 18.825000000000003
    endloop
  endfacet
  facet normal 0 0 -1
    outer loop
      vertex 38.99119379270644 -30.61649343125035 18.225
      vertex 39.84714246323025 -13.193257979752168 18.225
      vertex 39.84714246323025 -28.80674202024783 18.225
    endloop
  endfacet
  facet normal 0 0 -1
    outer loop
      vertex 39.84714246323025 -28.80674202024783 18.225
      vertex 40.52158284893706 -15.078192584008969 18.225
      vertex 40.52158284893706 -26.921807415991033 18.225
    endloop
  endfacet
  facet normal 0.6998748059040638 -0.10381662048698753 -0.7066805256772044
    outer loop
      vertex 41.0080197202259 -24.979842569129016 18.225
      vertex 41.301768424112815 -22.999549662723037 18.225
      vertex 41.59649088846784 -25.096896762338694 18.825000000000003
    endloop
  endfacet
  facet normal 0 0 -1
    outer loop
      vertex 40.52158284893706 -26.921807415991033 18.225
      vertex 41.0080197202259 -17.020157430870984 18.225
      vertex 41.0080197202259 -24.979842569129016 18.225
    endloop
  endfacet
  facet normal 0.6998748059040643 -0.10381662048698732 -0.706680525677204
    outer loop
      vertex 41.59649088846784 -25.096896762338694 18.825000000000003
      vertex 41.301768424112815 -22.999549662723037 18.225
      vertex 41.89887926011613 -23.058359946920774 18.825000000000003
    endloop
  endfacet
  facet normal 0 0 -1
    outer loop
      vertex 37.96198009097192 -32.333632753599886 18.225
      vertex 37.6 -21 18.225
      vertex 37.96198009097192 -9.666367246400116 18.225
    endloop
  endfacet
  facet normal 0 0 -1
    outer loop
      vertex 38.99119379270644 -30.61649343125035 18.225
      vertex 38.99119379270644 -11.383506568749649 18.225
      vertex 39.84714246323025 -13.193257979752168 18.225
    endloop
  endfacet
  facet normal 0 0 -1
    outer loop
      vertex 41.0080197202259 -24.979842569129016 18.225
      vertex 41.301768424112815 -19.000450337276963 18.225
      vertex 41.301768424112815 -22.999549662723037 18.225
    endloop
  endfacet
  facet normal 0.7066805256772068 -0.034716988019952245 -0.7066805256772039
    outer loop
      vertex 41.301768424112815 -22.999549662723037 18.225
      vertex 41.4 -21 18.225
      vertex 41.89887926011613 -23.058359946920774 18.825000000000003
    endloop
  endfacet
  facet normal 0 0 -1
    outer loop
      vertex 41.301768424112815 -22.999549662723037 18.225
      vertex 41.301768424112815 -19.000450337276963 18.225
      vertex 41.4 -21 18.225
    endloop
  endfacet
  facet normal 0.7066805256772053 -0.03471698801995303 -0.7066805256772053
    outer loop
      vertex 41.89887926011613 -23.058359946920774 18.825000000000003
      vertex 41.4 -21 18.225
      vertex 42 -21 18.825000000000003
    endloop
  endfacet
  facet normal 0 0 -1
    outer loop
      vertex 40.52158284893706 -26.921807415991033 18.225
      vertex 40.52158284893706 -15.078192584008969 18.225
      vertex 41.0080197202259 -17.020157430870984 18.225
    endloop
  endfacet
  facet normal 0 0 -1
    outer loop
      vertex 39.84714246323025 -28.80674202024783 18.225
      vertex 39.84714246323025 -13.193257979752168 18.225
      vertex 40.52158284893706 -15.078192584008969 18.225
    endloop
  endfacet
  facet normal 0 0 -1
    outer loop
      vertex 41.0080197202259 -24.979842569129016 18.225
      vertex 41.0080197202259 -17.020157430870984 18.225
      vertex 41.301768424112815 -19.000450337276963 18.225
    endloop
  endfacet
  facet normal 0.7066805256772053 0.03471698801995303 -0.7066805256772053
    outer loop
      vertex 41.4 -21 18.225
      vertex 41.89887926011613 -18.941640053079226 18.825000000000003
      vertex 42 -21 18.825000000000003
    endloop
  endfacet
  facet normal 0.7066805256772067 0.03471698801995224 -0.7066805256772039
    outer loop
      vertex 41.4 -21 18.225
      vertex 41.301768424112815 -19.000450337276963 18.225
      vertex 41.89887926011613 -18.941640053079226 18.825000000000003
    endloop
  endfacet
  facet normal 0 0 -1
    outer loop
      vertex 21 -4.399999999999999 18.225
      vertex 21 -0.6000000000000014 18.225
      vertex 22.627084529470707 -4.4799335372415285 18.225
    endloop
  endfacet
  facet normal 0 0 -1
    outer loop
      vertex 22.627084529470707 -4.4799335372415285 18.225
      vertex 21 -0.6000000000000014 18.225
      vertex 22.999549662723037 -0.6982315758871849 18.225
    endloop
  endfacet
  facet normal 0.0347169880199518 0.7066805256772053 -0.7066805256772053
    outer loop
      vertex 21 -0.6000000000000014 18.225
      vertex 21 -0.019999999999999574 18.805000000000003
      vertex 23.058359946920774 -0.10112073988386427 18.825000000000003
    endloop
  endfacet
  facet normal 0.03471698801995181 0.7066805256772054 -0.7066805256772054
    outer loop
      vertex 21 -0.019999999999999574 18.805000000000003
      vertex 21 0 18.825000000000003
      vertex 23.058359946920774 -0.10112073988386427 18.825000000000003
    endloop
  endfacet
  facet normal 0 0 -1
    outer loop
      vertex 22.627084529470707 -4.4799335372415285 18.225
      vertex 22.999549662723037 -0.6982315758871849 18.225
      vertex 24.979842569129016 -0.9919802797741006 18.225
    endloop
  endfacet
  facet normal 0.034716988019952134 0.7066805256772046 -0.706680525677206
    outer loop
      vertex 21 -0.6000000000000014 18.225
      vertex 23.058359946920774 -0.10112073988386427 18.825000000000003
      vertex 22.999549662723037 -0.6982315758871849 18.225
    endloop
  endfacet
  facet normal 0 0 -1
    outer loop
      vertex 24.23849934546773 -4.718964345306375 18.225
      vertex 22.627084529470707 -4.4799335372415285 18.225
      vertex 24.979842569129016 -0.9919802797741006 18.225
    endloop
  endfacet
  facet normal 0 0 -1
    outer loop
      vertex 24.23849934546773 -4.718964345306375 18.225
      vertex 24.979842569129016 -0.9919802797741006 18.225
      vertex 25.818725642424077 -5.114790426845332 18.225
    endloop
  endfacet
  facet normal 0 0 -1
    outer loop
      vertex 25.818725642424077 -5.114790426845332 18.225
      vertex 24.979842569129016 -0.9919802797741006 18.225
      vertex 26.921807415991033 -1.478417151062942 18.225
    endloop
  endfacet
  facet normal 0.10381662048698853 0.699874805904062 -0.706680525677206
    outer loop
      vertex 22.999549662723037 -0.6982315758871849 18.225
      vertex 23.058359946920774 -0.10112073988386427 18.825000000000003
      vertex 24.979842569129016 -0.9919802797741006 18.225
    endloop
  endfacet
  facet normal 0.10381662048698814 0.6998748059040615 -0.7066805256772065
    outer loop
      vertex 23.058359946920774 -0.10112073988386427 18.825000000000003
      vertex 25.096896762338694 -0.4035091115321592 18.825000000000003
      vertex 24.979842569129016 -0.9919802797741006 18.225
    endloop
  endfacet
  facet normal 0.1719164421467971 0.6863289091595762 -0.7066805256772065
    outer loop
      vertex 24.979842569129016 -0.9919802797741006 18.225
      vertex 25.096896762338694 -0.4035091115321592 18.825000000000003
      vertex 26.921807415991033 -1.478417151062942 18.225
    endloop
  endfacet
  facet normal 0 0 -1
    outer loop
      vertex 27.352544977260493 -5.663599760312638 18.225
      vertex 30.61649343125035 -3.00880620729356 18.225
      vertex 28.82518583131156 -6.3601070118173055 18.225
    endloop
  endfacet
  facet normal 0 0 -1
    outer loop
      vertex 28.82518583131156 -6.3601070118173055 18.225
      vertex 30.61649343125035 -3.00880620729356 18.225
      vertex 30.222465868125397 -7.197604435777748 18.225
    endloop
  endfacet
  facet normal 0 0 -1
    outer loop
      vertex 30.222465868125397 -7.197604435777748 18.225
      vertex 32.333632753599886 -4.03801990902808 18.225
      vertex 31.530928517116514 -8.168026474178564 18.225
    endloop
  endfacet
  facet normal 0 0 -1
    outer loop
      vertex 30.222465868125397 -7.197604435777748 18.225
      vertex 30.61649343125035 -3.00880620729356 18.225
      vertex 32.333632753599886 -4.03801990902808 18.225
    endloop
  endfacet
  facet normal 0 0 -1
    outer loop
      vertex 25.818725642424077 -5.114790426845332 18.225
      vertex 26.921807415991033 -1.478417151062942 18.225
      vertex 27.352544977260493 -5.663599760312638 18.225
    endloop
  endfacet
  facet normal 0 0 -1
    outer loop
      vertex 27.352544977260493 -5.663599760312638 18.225
      vertex 26.921807415991033 -1.478417151062942 18.225
      vertex 28.80674202024783 -2.1528575367697513 18.225
    endloop
  endfacet
  facet normal 0.171916442146798 0.6863289091595771 -0.7066805256772055
    outer loop
      vertex 25.096896762338694 -0.4035091115321592 18.825000000000003
      vertex 27.09597822234371 -0.9042529496236149 18.825000000000003
      vertex 26.921807415991033 -1.478417151062942 18.225
    endloop
  endfacet
  facet normal 0.23836061448964496 0.6661732898343399 -0.7066805256772055
    outer loop
      vertex 26.921807415991033 -1.478417151062942 18.225
      vertex 27.09597822234371 -0.9042529496236149 18.825000000000003
      vertex 28.80674202024783 -2.1528575367697513 18.225
    endloop
  endfacet
  facet normal 0.23836061448964568 0.6661732898343405 -0.7066805256772046
    outer loop
      vertex 27.09597822234371 -0.9042529496236149 18.825000000000003
      vertex 29.036352079666884 -1.5985298172629783 18.825000000000003
      vertex 28.80674202024783 -2.1528575367697513 18.225
    endloop
  endfacet
  facet normal 0 0 -1
    outer loop
      vertex 27.352544977260493 -5.663599760312638 18.225
      vertex 28.80674202024783 -2.1528575367697513 18.225
      vertex 30.61649343125035 -3.00880620729356 18.225
    endloop
  endfacet
  facet normal 0.3025092438137913 0.6396020575606329 -0.7066805256772065
    outer loop
      vertex 30.61649343125035 -3.00880620729356 18.225
      vertex 29.036352079666884 -1.5985298172629783 18.825000000000003
      vertex 30.899331473345953 -2.4796534486845445 18.825000000000003
    endloop
  endfacet
  facet normal 0.3637445437516373 0.6068711078305674 -0.7066805256772066
    outer loop
      vertex 30.61649343125035 -3.00880620729356 18.225
      vertex 30.899331473345953 -2.4796534486845445 18.825000000000003
      vertex 32.333632753599886 -4.03801990902808 18.225
    endloop
  endfacet
  facet normal 0.3025092438137932 0.6396020575606343 -0.7066805256772045
    outer loop
      vertex 28.80674202024783 -2.1528575367697513 18.225
      vertex 29.036352079666884 -1.5985298172629783 18.825000000000003
      vertex 30.61649343125035 -3.00880620729356 18.225
    endloop
  endfacet
  facet normal 0 0 -1
    outer loop
      vertex 36.336400239687364 -14.647455022739509 18.225
      vertex 35.639892988182694 -13.174814168688439 18.225
      vertex 36.76941324859983 -8.058377003061633 18.225
    endloop
  endfacet
  facet normal 0 0 -1
    outer loop
      vertex 33.83197352582144 -10.469071482883484 18.225
      vertex 35.42497833620557 -6.5750216637944305 18.225
      vertex 34.80239556422225 -11.777534131874603 18.225
    endloop
  endfacet
  facet normal 0 0 -1
    outer loop
      vertex 34.80239556422225 -11.777534131874603 18.225
      vertex 36.76941324859983 -8.058377003061633 18.225
      vertex 35.639892988182694 -13.174814168688439 18.225
    endloop
  endfacet
  facet normal 0 0 -1
    outer loop
      vertex 37.6 -21 18.225
      vertex 37.52006646275847 -19.372915470529293 18.225
      vertex 37.96198009097192 -9.666367246400116 18.225
    endloop
  endfacet
  facet normal 0 0 -1
    outer loop
      vertex 37.96198009097192 -32.333632753599886 18.225
      vertex 37.96198009097192 -9.666367246400116 18.225
      vertex 38.99119379270644 -11.383506568749649 18.225
    endloop
  endfacet
  facet normal 0 0 -1
    outer loop
      vertex 37.52006646275847 -19.372915470529293 18.225
      vertex 37.281035654693625 -17.76150065453227 18.225
      vertex 37.96198009097192 -9.666367246400116 18.225
    endloop
  endfacet
  facet normal 0 0 -1
    outer loop
      vertex 37.281035654693625 -17.76150065453227 18.225
      vertex 36.88520957315467 -16.181274357575923 18.225
      vertex 37.96198009097192 -9.666367246400116 18.225
    endloop
  endfacet
  facet normal 0.6998748059040638 0.10381662048698753 -0.7066805256772044
    outer loop
      vertex 41.301768424112815 -19.000450337276963 18.225
      vertex 41.0080197202259 -17.020157430870984 18.225
      vertex 41.59649088846784 -16.903103237661306 18.825000000000003
    endloop
  endfacet
  facet normal 0.6998748059040641 0.10381662048698732 -0.706680525677204
    outer loop
      vertex 41.301768424112815 -19.000450337276963 18.225
      vertex 41.59649088846784 -16.903103237661306 18.825000000000003
      vertex 41.89887926011613 -18.941640053079226 18.825000000000003
    endloop
  endfacet
  facet normal 0.6863289091595783 0.17191644214679708 -0.7066805256772046
    outer loop
      vertex 41.0080197202259 -17.020157430870984 18.225
      vertex 41.09574705037639 -14.90402177765629 18.825000000000003
      vertex 41.59649088846784 -16.903103237661306 18.825000000000003
    endloop
  endfacet
  facet normal 0.6661732898343373 0.23836061448964552 -0.7066805256772077
    outer loop
      vertex 40.52158284893706 -15.078192584008969 18.225
      vertex 40.40147018273702 -12.963647920333115 18.825000000000003
      vertex 41.09574705037639 -14.90402177765629 18.825000000000003
    endloop
  endfacet
  facet normal 0.6661732898343403 0.23836061448964488 -0.706680525677205
    outer loop
      vertex 40.52158284893706 -15.078192584008969 18.225
      vertex 39.84714246323025 -13.193257979752168 18.225
      vertex 40.40147018273702 -12.963647920333115 18.825000000000003
    endloop
  endfacet
  facet normal 0.6863289091595747 0.17191644214679813 -0.7066805256772077
    outer loop
      vertex 41.0080197202259 -17.020157430870984 18.225
      vertex 40.52158284893706 -15.078192584008969 18.225
      vertex 41.09574705037639 -14.90402177765629 18.825000000000003
    endloop
  endfacet
  facet normal 0 0 -1
    outer loop
      vertex 36.336400239687364 -14.647455022739509 18.225
      vertex 37.96198009097192 -9.666367246400116 18.225
      vertex 36.88520957315467 -16.181274357575923 18.225
    endloop
  endfacet
  facet normal 0 0 -1
    outer loop
      vertex 36.336400239687364 -14.647455022739509 18.225
      vertex 36.76941324859983 -8.058377003061633 18.225
      vertex 37.96198009097192 -9.666367246400116 18.225
    endloop
  endfacet
  facet normal 0.6068711078305681 0.3637445437516372 -0.7066805256772062
    outer loop
      vertex 38.99119379270644 -11.383506568749649 18.225
      vertex 38.460861858353454 -9.333025106588355 18.825000000000003
      vertex 39.520346551315455 -11.100668526654049 18.825000000000003
    endloop
  endfacet
  facet normal 0.6068711078305665 0.3637445437516372 -0.7066805256772074
    outer loop
      vertex 37.96198009097192 -9.666367246400116 18.225
      vertex 38.460861858353454 -9.333025106588355 18.825000000000003
      vertex 38.99119379270644 -11.383506568749649 18.225
    endloop
  endfacet
  facet normal 0.6396020575606342 0.3025092438137924 -0.706680525677205
    outer loop
      vertex 39.84714246323025 -13.193257979752168 18.225
      vertex 39.520346551315455 -11.100668526654049 18.825000000000003
      vertex 40.40147018273702 -12.963647920333115 18.825000000000003
    endloop
  endfacet
  facet normal 0.6396020575606328 0.3025092438137925 -0.7066805256772061
    outer loop
      vertex 38.99119379270644 -11.383506568749649 18.225
      vertex 39.520346551315455 -11.100668526654049 18.825000000000003
      vertex 39.84714246323025 -13.193257979752168 18.225
    endloop
  endfacet
  facet normal 0 0 -1
    outer loop
      vertex 32.73797256769669 -9.26202743230331 18.225
      vertex 35.42497833620557 -6.5750216637944305 18.225
      vertex 33.83197352582144 -10.469071482883484 18.225
    endloop
  endfacet
  facet normal 0 0 -1
    outer loop
      vertex 32.73797256769669 -9.26202743230331 18.225
      vertex 31.530928517116514 -8.168026474178564 18.225
      vertex 35.42497833620557 -6.5750216637944305 18.225
    endloop
  endfacet
  facet normal 0 0 -1
    outer loop
      vertex 31.530928517116514 -8.168026474178564 18.225
      vertex 32.333632753599886 -4.03801990902808 18.225
      vertex 33.941622996938364 -5.230586751400166 18.225
    endloop
  endfacet
  facet normal 0 0 -1
    outer loop
      vertex 31.530928517116514 -8.168026474178564 18.225
      vertex 33.941622996938364 -5.230586751400166 18.225
      vertex 35.42497833620557 -6.5750216637944305 18.225
    endloop
  endfacet
  facet normal 0 0 -1
    outer loop
      vertex 34.80239556422225 -11.777534131874603 18.225
      vertex 35.42497833620557 -6.5750216637944305 18.225
      vertex 36.76941324859983 -8.058377003061633 18.225
    endloop
  endfacet
  facet normal 0.5242472094901074 0.47514997418754573 -0.7066805256772044
    outer loop
      vertex 35.42497833620557 -6.5750216637944305 18.225
      vertex 35.8492424049175 -6.150757595082501 18.825000000000003
      vertex 36.76941324859983 -8.058377003061633 18.225
    endloop
  endfacet
  facet normal 0.5242472094901035 0.47514997418754495 -0.706680525677208
    outer loop
      vertex 35.8492424049175 -6.150757595082501 18.825000000000003
      vertex 37.23321952061748 -7.6777410325634445 18.825000000000003
      vertex 36.76941324859983 -8.058377003061633 18.225
    endloop
  endfacet
  facet normal 0.4751499741875462 0.5242472094901068 -0.7066805256772045
    outer loop
      vertex 35.42497833620557 -6.5750216637944305 18.225
      vertex 34.322258967436554 -4.766780479382522 18.825000000000003
      vertex 35.8492424049175 -6.150757595082501 18.825000000000003
    endloop
  endfacet
  facet normal 0.4751499741875441 0.5242472094901062 -0.7066805256772063
    outer loop
      vertex 33.941622996938364 -5.230586751400166 18.225
      vertex 34.322258967436554 -4.766780479382522 18.825000000000003
      vertex 35.42497833620557 -6.5750216637944305 18.225
    endloop
  endfacet
  facet normal 0.36374454375163784 0.6068711078305677 -0.7066805256772061
    outer loop
      vertex 30.899331473345953 -2.4796534486845445 18.825000000000003
      vertex 32.66697489341165 -3.53913814164655 18.825000000000003
      vertex 32.333632753599886 -4.03801990902808 18.225
    endloop
  endfacet
  facet normal 0.4214767848901616 0.5682956575826005 -0.7066805256772061
    outer loop
      vertex 33.941622996938364 -5.230586751400166 18.225
      vertex 32.333632753599886 -4.03801990902808 18.225
      vertex 32.66697489341165 -3.53913814164655 18.825000000000003
    endloop
  endfacet
  facet normal 0.4214767848901613 0.5682956575826004 -0.7066805256772063
    outer loop
      vertex 33.941622996938364 -5.230586751400166 18.225
      vertex 32.66697489341165 -3.53913814164655 18.825000000000003
      vertex 34.322258967436554 -4.766780479382522 18.825000000000003
    endloop
  endfacet
  facet normal 0.568295657582599 0.4214767848901598 -0.7066805256772082
    outer loop
      vertex 37.96198009097192 -9.666367246400116 18.225
      vertex 36.76941324859983 -8.058377003061633 18.225
      vertex 37.23321952061748 -7.6777410325634445 18.825000000000003
    endloop
  endfacet
  facet normal 0.5682956575826003 0.42147678489015994 -0.7066805256772072
    outer loop
      vertex 37.96198009097192 -9.666367246400116 18.225
      vertex 37.23321952061748 -7.6777410325634445 18.825000000000003
      vertex 38.460861858353454 -9.333025106588355 18.825000000000003
    endloop
  endfacet
  facet normal -0.5682956575826001 -0.4214767848901615 0.7066805256772063
    outer loop
      vertex 4.766780479382522 -34.322258967436554 25.625
      vertex 5.230586751400166 -33.941622996938364 26.225
      vertex 4.03801990902808 -32.333632753599886 26.225
    endloop
  endfacet
  facet normal -0.5682956575826005 -0.42147678489016144 0.706680525677206
    outer loop
      vertex 4.766780479382522 -34.322258967436554 25.625
      vertex 4.03801990902808 -32.333632753599886 26.225
      vertex 3.53913814164655 -32.66697489341165 25.625
    endloop
  endfacet
  facet normal -0.6396020575606324 -0.3025092438137923 0.7066805256772066
    outer loop
      vertex 2.4796534486845445 -30.899331473345953 25.625
      vertex 3.00880620729356 -30.61649343125035 26.225
      vertex 2.1528575367697513 -28.80674202024783 26.225
    endloop
  endfacet
  facet normal -0.6396020575606348 -0.30250924381379213 0.7066805256772045
    outer loop
      vertex 2.4796534486845445 -30.899331473345953 25.625
      vertex 2.1528575367697513 -28.80674202024783 26.225
      vertex 1.5985298172629783 -29.036352079666884 25.625
    endloop
  endfacet
  facet normal -0.6661732898343408 -0.2383606144896452 0.7066805256772046
    outer loop
      vertex 1.5985298172629783 -29.036352079666884 25.625
      vertex 2.1528575367697513 -28.80674202024783 26.225
      vertex 1.478417151062942 -26.921807415991033 26.225
    endloop
  endfacet
  facet normal -0.6661732898343398 -0.2383606144896454 0.7066805256772055
    outer loop
      vertex 1.5985298172629783 -29.036352079666884 25.625
      vertex 1.478417151062942 -26.921807415991033 26.225
      vertex 0.9042529496236149 -27.09597822234371 25.625
    endloop
  endfacet
  facet normal -0.6068711078305672 -0.3637445437516375 0.7066805256772066
    outer loop
      vertex 3.53913814164655 -32.66697489341165 25.625
      vertex 3.00880620729356 -30.61649343125035 26.225
      vertex 2.4796534486845445 -30.899331473345953 25.625
    endloop
  endfacet
  facet normal -0.6068711078305679 -0.36374454375163756 0.7066805256772062
    outer loop
      vertex 3.53913814164655 -32.66697489341165 25.625
      vertex 4.03801990902808 -32.333632753599886 26.225
      vertex 3.00880620729356 -30.61649343125035 26.225
    endloop
  endfacet
  facet normal 0 0 1
    outer loop
      vertex 4.03801990902808 -32.333632753599886 26.225
      vertex 6.3601070118173055 -28.82518583131156 26.225
      vertex 3.00880620729356 -30.61649343125035 26.225
    endloop
  endfacet
  facet normal 0 0 1
    outer loop
      vertex 2.1528575367697513 -28.80674202024783 26.225
      vertex 3.00880620729356 -30.61649343125035 26.225
      vertex 5.663599760312639 -27.352544977260493 26.225
    endloop
  endfacet
  facet normal 0 0 1
    outer loop
      vertex 3.00880620729356 -30.61649343125035 26.225
      vertex 6.3601070118173055 -28.82518583131156 26.225
      vertex 5.663599760312639 -27.352544977260493 26.225
    endloop
  endfacet
  facet normal -0.5242472094901055 -0.475149974187545 0.7066805256772063
    outer loop
      vertex 4.766780479382522 -34.322258967436554 25.625
      vertex 6.150757595082501 -35.8492424049175 25.625
      vertex 5.230586751400166 -33.941622996938364 26.225
    endloop
  endfacet
  facet normal -0.5242472094901077 -0.47514997418754545 0.7066805256772045
    outer loop
      vertex 5.230586751400166 -33.941622996938364 26.225
      vertex 6.150757595082501 -35.8492424049175 25.625
      vertex 6.5750216637944305 -35.42497833620557 26.225
    endloop
  endfacet
  facet normal 0 0 1
    outer loop
      vertex 5.230586751400166 -33.941622996938364 26.225
      vertex 7.197604435777748 -30.222465868125397 26.225
      vertex 4.03801990902808 -32.333632753599886 26.225
    endloop
  endfacet
  facet normal 0 0 1
    outer loop
      vertex 5.230586751400166 -33.941622996938364 26.225
      vertex 6.5750216637944305 -35.42497833620557 26.225
      vertex 8.168026474178564 -31.530928517116514 26.225
    endloop
  endfacet
  facet normal 0 0 1
    outer loop
      vertex 6.5750216637944305 -35.42497833620557 26.225
      vertex 9.26202743230331 -32.73797256769669 26.225
      vertex 8.168026474178564 -31.530928517116514 26.225
    endloop
  endfacet
  facet normal 0 0 1
    outer loop
      vertex 4.03801990902808 -32.333632753599886 26.225
      vertex 7.197604435777748 -30.222465868125397 26.225
      vertex 6.3601070118173055 -28.82518583131156 26.225
    endloop
  endfacet
  facet normal 0 0 1
    outer loop
      vertex 5.230586751400166 -33.941622996938364 26.225
      vertex 8.168026474178564 -31.530928517116514 26.225
      vertex 7.197604435777748 -30.222465868125397 26.225
    endloop
  endfacet
  facet normal -0.6863289091595773 -0.17191644214679733 0.7066805256772054
    outer loop
      vertex 0.9042529496236149 -27.09597822234371 25.625
      vertex 1.478417151062942 -26.921807415991033 26.225
      vertex 0.9919802797741006 -24.979842569129016 26.225
    endloop
  endfacet
  facet normal -0.6863289091595761 -0.17191644214679774 0.7066805256772065
    outer loop
      vertex 0.9042529496236149 -27.09597822234371 25.625
      vertex 0.9919802797741006 -24.979842569129016 26.225
      vertex 0.4035091115321592 -25.096896762338694 25.625
    endloop
  endfacet
  facet normal 0 0 1
    outer loop
      vertex 1.478417151062942 -26.921807415991033 26.225
      vertex 4.718964345306375 -24.23849934546773 26.225
      vertex 0.9919802797741006 -24.979842569129016 26.225
    endloop
  endfacet
  facet normal -0.6998748059040614 -0.10381662048698845 0.7066805256772065
    outer loop
      vertex 0.4035091115321592 -25.096896762338694 25.625
      vertex 0.9919802797741006 -24.979842569129016 26.225
      vertex 0.6982315758871849 -22.999549662723037 26.225
    endloop
  endfacet
  facet normal -0.6998748059040619 -0.1038166204869882 0.706680525677206
    outer loop
      vertex 0.4035091115321592 -25.096896762338694 25.625
      vertex 0.6982315758871849 -22.999549662723037 26.225
      vertex 0.10112073988386427 -23.058359946920774 25.625
    endloop
  endfacet
  facet normal 0 0 1
    outer loop
      vertex 0.9919802797741006 -24.979842569129016 26.225
      vertex 4.4799335372415285 -22.627084529470707 26.225
      vertex 0.6982315758871849 -22.999549662723037 26.225
    endloop
  endfacet
  facet normal 0 0 1
    outer loop
      vertex 2.1528575367697513 -28.80674202024783 26.225
      vertex 5.114790426845332 -25.818725642424077 26.225
      vertex 1.478417151062942 -26.921807415991033 26.225
    endloop
  endfacet
  facet normal 0 0 1
    outer loop
      vertex 1.478417151062942 -26.921807415991033 26.225
      vertex 5.114790426845332 -25.818725642424077 26.225
      vertex 4.718964345306375 -24.23849934546773 26.225
    endloop
  endfacet
  facet normal 0 0 1
    outer loop
      vertex 2.1528575367697513 -28.80674202024783 26.225
      vertex 5.663599760312639 -27.352544977260493 26.225
      vertex 5.114790426845332 -25.818725642424077 26.225
    endloop
  endfacet
  facet normal 0 0 1
    outer loop
      vertex 0.9919802797741006 -24.979842569129016 26.225
      vertex 4.718964345306375 -24.23849934546773 26.225
      vertex 4.4799335372415285 -22.627084529470707 26.225
    endloop
  endfacet
  facet normal -0.7066805256772046 -0.03471698801995213 0.706680525677206
    outer loop
      vertex 0.10112073988386427 -23.058359946920774 25.625
      vertex 0.6982315758871849 -22.999549662723037 26.225
      vertex 0.6000000000000014 -21 26.225
    endloop
  endfacet
  facet normal -0.7066805256772053 -0.03471698801995181 0.7066805256772055
    outer loop
      vertex 0.10112073988386427 -23.058359946920774 25.625
      vertex 0.019999999999999574 -21 25.645
      vertex 0 -21 25.625
    endloop
  endfacet
  facet normal -0.7066805256772053 -0.03471698801995181 0.7066805256772053
    outer loop
      vertex 0.10112073988386427 -23.058359946920774 25.625
      vertex 0.6000000000000014 -21 26.225
      vertex 0.019999999999999574 -21 25.645
    endloop
  endfacet
  facet normal -0.7066805256772054 0.034716988019952155 0.7066805256772054
    outer loop
      vertex 0.019999999999999574 -21 25.645
      vertex 0.6000000000000014 -21 26.225
      vertex 0.6294761098616818 -20.4 26.225
    endloop
  endfacet
  facet normal 0 0 1
    outer loop
      vertex 0.6982315758871849 -22.999549662723037 26.225
      vertex 4.399999999999999 -21 26.225
      vertex 0.6000000000000014 -21 26.225
    endloop
  endfacet
  facet normal 0 0 1
    outer loop
      vertex 0.6000000000000014 -21 26.225
      vertex 4.429476109861678 -20.4 26.225
      vertex 0.6294761098616818 -20.4 26.225
    endloop
  endfacet
  facet normal 0 0 1
    outer loop
      vertex 0.6982315758871849 -22.999549662723037 26.225
      vertex 4.4799335372415285 -22.627084529470707 26.225
      vertex 4.399999999999999 -21 26.225
    endloop
  endfacet
  facet normal 0 0 1
    outer loop
      vertex 0.6000000000000014 -21 26.225
      vertex 4.399999999999999 -21 26.225
      vertex 4.429476109861678 -20.4 26.225
    endloop
  endfacet
  facet normal 0 0 1
    outer loop
      vertex 20.400000000000002 -4.429476109861678 26.225
      vertex 21 -4.399999999999999 26.225
      vertex 20.400000000000002 -0.6294761098616817 26.225
    endloop
  endfacet
  facet normal 0 0 1
    outer loop
      vertex 20.400000000000002 -0.6294761098616817 26.225
      vertex 21 -4.399999999999999 26.225
      vertex 21 -0.6000000000000014 26.225
    endloop
  endfacet
  facet normal -0.03471698801995222 0.7066805256772053 0.7066805256772053
    outer loop
      vertex 20.400000000000002 -0.6294761098616817 26.225
      vertex 21 -0.6000000000000014 26.225
      vertex 21 -0.019999999999999574 25.645
    endloop
  endfacet
  facet normal 0 0 1
    outer loop
      vertex 32.73797256769669 -32.73797256769669 26.225
      vertex 35.42497833620557 -35.42497833620557 26.225
      vertex 33.83197352582144 -31.530928517116514 26.225
    endloop
  endfacet
  facet normal 0.5242472094901085 -0.4751499741875456 0.7066805256772037
    outer loop
      vertex 35.42497833620557 -35.42497833620557 26.225
      vertex 35.8492424049175 -35.8492424049175 25.625
      vertex 36.76941324859983 -33.941622996938364 26.225
    endloop
  endfacet
  facet normal 0.524247209490103 -0.47514997418754445 0.7066805256772086
    outer loop
      vertex 35.8492424049175 -35.8492424049175 25.625
      vertex 37.23321952061748 -34.322258967436554 25.625
      vertex 36.76941324859983 -33.941622996938364 26.225
    endloop
  endfacet
  facet normal 0 0 1
    outer loop
      vertex 35.42497833620557 -35.42497833620557 26.225
      vertex 34.80239556422225 -30.222465868125397 26.225
      vertex 33.83197352582144 -31.530928517116514 26.225
    endloop
  endfacet
  facet normal 0 0 1
    outer loop
      vertex 35.42497833620557 -35.42497833620557 26.225
      vertex 36.76941324859983 -33.941622996938364 26.225
      vertex 34.80239556422225 -30.222465868125397 26.225
    endloop
  endfacet
  facet normal 0 0 1
    outer loop
      vertex 34.80239556422225 -30.222465868125397 26.225
      vertex 36.76941324859983 -33.941622996938364 26.225
      vertex 35.639892988182694 -28.82518583131156 26.225
    endloop
  endfacet
  facet normal 0 0 1
    outer loop
      vertex 35.639892988182694 -28.82518583131156 26.225
      vertex 36.76941324859983 -33.941622996938364 26.225
      vertex 36.336400239687364 -27.352544977260493 26.225
    endloop
  endfacet
  facet normal 0.5682956575825978 -0.42147678489016027 0.7066805256772088
    outer loop
      vertex 37.23321952061748 -34.322258967436554 25.625
      vertex 37.96198009097192 -32.333632753599886 26.225
      vertex 36.76941324859983 -33.941622996938364 26.225
    endloop
  endfacet
  facet normal 0.5682956575825991 -0.42147678489016044 0.7066805256772077
    outer loop
      vertex 37.23321952061748 -34.322258967436554 25.625
      vertex 38.460861858353454 -32.66697489341165 25.625
      vertex 37.96198009097192 -32.333632753599886 26.225
    endloop
  endfacet
  facet normal 0 0 1
    outer loop
      vertex 36.76941324859983 -33.941622996938364 26.225
      vertex 37.96198009097192 -32.333632753599886 26.225
      vertex 36.336400239687364 -27.352544977260493 26.225
    endloop
  endfacet
  facet normal 0.6068711078305663 -0.3637445437516366 0.7066805256772078
    outer loop
      vertex 37.96198009097192 -32.333632753599886 26.225
      vertex 38.460861858353454 -32.66697489341165 25.625
      vertex 38.99119379270644 -30.61649343125035 26.225
    endloop
  endfacet
  facet normal 0.6068711078305677 -0.3637445437516366 0.7066805256772066
    outer loop
      vertex 38.460861858353454 -32.66697489341165 25.625
      vertex 39.520346551315455 -30.899331473345953 25.625
      vertex 38.99119379270644 -30.61649343125035 26.225
    endloop
  endfacet
  facet normal 0 0 1
    outer loop
      vertex 37.96198009097192 -32.333632753599886 26.225
      vertex 36.88520957315467 -25.818725642424077 26.225
      vertex 36.336400239687364 -27.352544977260493 26.225
    endloop
  endfacet
  facet normal 0 0 1
    outer loop
      vertex 37.96198009097192 -32.333632753599886 26.225
      vertex 37.281035654693625 -24.23849934546773 26.225
      vertex 36.88520957315467 -25.818725642424077 26.225
    endloop
  endfacet
  facet normal 0.6396020575606324 -0.3025092438137923 0.7066805256772066
    outer loop
      vertex 38.99119379270644 -30.61649343125035 26.225
      vertex 39.520346551315455 -30.899331473345953 25.625
      vertex 39.84714246323025 -28.80674202024783 26.225
    endloop
  endfacet
  facet normal 0.6396020575606348 -0.30250924381379213 0.7066805256772045
    outer loop
      vertex 39.520346551315455 -30.899331473345953 25.625
      vertex 40.40147018273702 -29.036352079666884 25.625
      vertex 39.84714246323025 -28.80674202024783 26.225
    endloop
  endfacet
  facet normal 0.6661732898343405 -0.2383606144896452 0.7066805256772046
    outer loop
      vertex 39.84714246323025 -28.80674202024783 26.225
      vertex 40.40147018273702 -29.036352079666884 25.625
      vertex 40.52158284893706 -26.921807415991033 26.225
    endloop
  endfacet
  facet normal 0.6661732898343375 -0.23836061448964582 0.7066805256772074
    outer loop
      vertex 40.40147018273702 -29.036352079666884 25.625
      vertex 41.09574705037639 -27.09597822234371 25.625
      vertex 40.52158284893706 -26.921807415991033 26.225
    endloop
  endfacet
  facet normal 0 0 1
    outer loop
      vertex 37.96198009097192 -32.333632753599886 26.225
      vertex 37.52006646275847 -22.627084529470707 26.225
      vertex 37.281035654693625 -24.23849934546773 26.225
    endloop
  endfacet
  facet normal 0 0 1
    outer loop
      vertex 37.96198009097192 -32.333632753599886 26.225
      vertex 37.6 -21 26.225
      vertex 37.52006646275847 -22.627084529470707 26.225
    endloop
  endfacet
  facet normal 0 0 1
    outer loop
      vertex 37.96198009097192 -32.333632753599886 26.225
      vertex 38.99119379270644 -30.61649343125035 26.225
      vertex 37.96198009097192 -9.666367246400116 26.225
    endloop
  endfacet
  facet normal 0 0 1
    outer loop
      vertex 38.99119379270644 -30.61649343125035 26.225
      vertex 39.84714246323025 -28.80674202024783 26.225
      vertex 38.99119379270644 -11.383506568749649 26.225
    endloop
  endfacet
  facet normal 0.6863289091595751 -0.17191644214679805 0.7066805256772076
    outer loop
      vertex 40.52158284893706 -26.921807415991033 26.225
      vertex 41.09574705037639 -27.09597822234371 25.625
      vertex 41.0080197202259 -24.979842569129016 26.225
    endloop
  endfacet
  facet normal 0.6863289091595783 -0.17191644214679708 0.7066805256772046
    outer loop
      vertex 41.09574705037639 -27.09597822234371 25.625
      vertex 41.59649088846784 -25.096896762338694 25.625
      vertex 41.0080197202259 -24.979842569129016 26.225
    endloop
  endfacet
  facet normal 0 0 1
    outer loop
      vertex 39.84714246323025 -28.80674202024783 26.225
      vertex 40.52158284893706 -26.921807415991033 26.225
      vertex 39.84714246323025 -13.193257979752168 26.225
    endloop
  endfacet
  facet normal 0.6998748059040638 -0.10381662048698753 0.7066805256772044
    outer loop
      vertex 41.0080197202259 -24.979842569129016 26.225
      vertex 41.59649088846784 -25.096896762338694 25.625
      vertex 41.301768424112815 -22.999549662723037 26.225
    endloop
  endfacet
  facet normal 0.6998748059040643 -0.10381662048698732 0.706680525677204
    outer loop
      vertex 41.59649088846784 -25.096896762338694 25.625
      vertex 41.89887926011613 -23.058359946920774 25.625
      vertex 41.301768424112815 -22.999549662723037 26.225
    endloop
  endfacet
  facet normal 0 0 1
    outer loop
      vertex 37.96198009097192 -32.333632753599886 26.225
      vertex 37.96198009097192 -9.666367246400116 26.225
      vertex 37.6 -21 26.225
    endloop
  endfacet
  facet normal 0 0 1
    outer loop
      vertex 40.52158284893706 -26.921807415991033 26.225
      vertex 41.0080197202259 -24.979842569129016 26.225
      vertex 40.52158284893706 -15.078192584008969 26.225
    endloop
  endfacet
  facet normal 0.7066805256772067 -0.03471698801995224 0.7066805256772039
    outer loop
      vertex 41.301768424112815 -22.999549662723037 26.225
      vertex 41.89887926011613 -23.058359946920774 25.625
      vertex 41.4 -21 26.225
    endloop
  endfacet
  facet normal 0 0 1
    outer loop
      vertex 41.0080197202259 -24.979842569129016 26.225
      vertex 41.301768424112815 -22.999549662723037 26.225
      vertex 41.0080197202259 -17.020157430870984 26.225
    endloop
  endfacet
  facet normal 0 0 1
    outer loop
      vertex 41.301768424112815 -22.999549662723037 26.225
      vertex 41.4 -21 26.225
      vertex 41.301768424112815 -19.000450337276963 26.225
    endloop
  endfacet
  facet normal 0.7066805256772052 -0.03471698801995302 0.7066805256772053
    outer loop
      vertex 41.89887926011613 -23.058359946920774 25.625
      vertex 42 -21 25.625
      vertex 41.4 -21 26.225
    endloop
  endfacet
  facet normal 0 0 1
    outer loop
      vertex 40.52158284893706 -26.921807415991033 26.225
      vertex 40.52158284893706 -15.078192584008969 26.225
      vertex 39.84714246323025 -13.193257979752168 26.225
    endloop
  endfacet
  facet normal 0 0 1
    outer loop
      vertex 41.301768424112815 -22.999549662723037 26.225
      vertex 41.301768424112815 -19.000450337276963 26.225
      vertex 41.0080197202259 -17.020157430870984 26.225
    endloop
  endfacet
  facet normal 0.7066805256772053 0.03471698801995303 0.7066805256772053
    outer loop
      vertex 42 -21 25.625
      vertex 41.89887926011613 -18.941640053079226 25.625
      vertex 41.4 -21 26.225
    endloop
  endfacet
  facet normal 0.7066805256772067 0.03471698801995224 0.7066805256772039
    outer loop
      vertex 41.4 -21 26.225
      vertex 41.89887926011613 -18.941640053079226 25.625
      vertex 41.301768424112815 -19.000450337276963 26.225
    endloop
  endfacet
  facet normal 0 0 1
    outer loop
      vertex 41.0080197202259 -24.979842569129016 26.225
      vertex 41.0080197202259 -17.020157430870984 26.225
      vertex 40.52158284893706 -15.078192584008969 26.225
    endloop
  endfacet
  facet normal 0 0 1
    outer loop
      vertex 21 -4.399999999999999 26.225
      vertex 22.627084529470707 -4.4799335372415285 26.225
      vertex 21 -0.6000000000000014 26.225
    endloop
  endfacet
  facet normal 0 0 1
    outer loop
      vertex 24.23849934546773 -4.718964345306375 26.225
      vertex 22.999549662723037 -0.6982315758871849 26.225
      vertex 22.627084529470707 -4.4799335372415285 26.225
    endloop
  endfacet
  facet normal 0 0 1
    outer loop
      vertex 22.627084529470707 -4.4799335372415285 26.225
      vertex 22.999549662723037 -0.6982315758871849 26.225
      vertex 21 -0.6000000000000014 26.225
    endloop
  endfacet
  facet normal 0.034716988019952176 0.7066805256772054 0.7066805256772054
    outer loop
      vertex 21 -0.6000000000000014 26.225
      vertex 22.999549662723037 -0.6982315758871849 26.225
      vertex 21 -0.019999999999999574 25.645
    endloop
  endfacet
  facet normal 0.034716988019952176 0.7066805256772053 0.7066805256772053
    outer loop
      vertex 21 0 25.625
      vertex 21 -0.019999999999999574 25.645
      vertex 22.999549662723037 -0.6982315758871849 26.225
    endloop
  endfacet
  facet normal 0.03471698801995178 0.7066805256772046 0.706680525677206
    outer loop
      vertex 21 0 25.625
      vertex 22.999549662723037 -0.6982315758871849 26.225
      vertex 23.058359946920774 -0.10112073988386427 25.625
    endloop
  endfacet
  facet normal 0 0 1
    outer loop
      vertex 24.23849934546773 -4.718964345306375 26.225
      vertex 25.818725642424077 -5.114790426845332 26.225
      vertex 22.999549662723037 -0.6982315758871849 26.225
    endloop
  endfacet
  facet normal 0 0 1
    outer loop
      vertex 25.818725642424077 -5.114790426845332 26.225
      vertex 27.352544977260493 -5.663599760312639 26.225
      vertex 24.979842569129016 -0.9919802797741006 26.225
    endloop
  endfacet
  facet normal 0 0 1
    outer loop
      vertex 25.818725642424077 -5.114790426845332 26.225
      vertex 24.979842569129016 -0.9919802797741006 26.225
      vertex 22.999549662723037 -0.6982315758871849 26.225
    endloop
  endfacet
  facet normal 0.10381662048698853 0.699874805904062 0.706680525677206
    outer loop
      vertex 22.999549662723037 -0.6982315758871849 26.225
      vertex 24.979842569129016 -0.9919802797741006 26.225
      vertex 23.058359946920774 -0.10112073988386427 25.625
    endloop
  endfacet
  facet normal 0.10381662048698813 0.6998748059040615 0.7066805256772065
    outer loop
      vertex 23.058359946920774 -0.10112073988386427 25.625
      vertex 24.979842569129016 -0.9919802797741006 26.225
      vertex 25.096896762338694 -0.4035091115321592 25.625
    endloop
  endfacet
  facet normal 0.1719164421467971 0.6863289091595762 0.7066805256772065
    outer loop
      vertex 24.979842569129016 -0.9919802797741006 26.225
      vertex 26.921807415991033 -1.478417151062942 26.225
      vertex 25.096896762338694 -0.4035091115321592 25.625
    endloop
  endfacet
  facet normal 0 0 1
    outer loop
      vertex 28.82518583131156 -6.3601070118173055 26.225
      vertex 30.222465868125397 -7.197604435777748 26.225
      vertex 28.80674202024783 -2.1528575367697513 26.225
    endloop
  endfacet
  facet normal 0 0 1
    outer loop
      vertex 30.222465868125397 -7.197604435777748 26.225
      vertex 31.530928517116514 -8.168026474178564 26.225
      vertex 30.61649343125035 -3.00880620729356 26.225
    endloop
  endfacet
  facet normal 0 0 1
    outer loop
      vertex 30.61649343125035 -3.00880620729356 26.225
      vertex 31.530928517116514 -8.168026474178564 26.225
      vertex 32.333632753599886 -4.03801990902808 26.225
    endloop
  endfacet
  facet normal 0 0 1
    outer loop
      vertex 24.979842569129016 -0.9919802797741006 26.225
      vertex 27.352544977260493 -5.663599760312639 26.225
      vertex 26.921807415991033 -1.478417151062942 26.225
    endloop
  endfacet
  facet normal 0 0 1
    outer loop
      vertex 27.352544977260493 -5.663599760312639 26.225
      vertex 28.82518583131156 -6.3601070118173055 26.225
      vertex 26.921807415991033 -1.478417151062942 26.225
    endloop
  endfacet
  facet normal 0 0 1
    outer loop
      vertex 28.82518583131156 -6.3601070118173055 26.225
      vertex 28.80674202024783 -2.1528575367697513 26.225
      vertex 26.921807415991033 -1.478417151062942 26.225
    endloop
  endfacet
  facet normal 0.171916442146798 0.6863289091595771 0.7066805256772056
    outer loop
      vertex 25.096896762338694 -0.4035091115321592 25.625
      vertex 26.921807415991033 -1.478417151062942 26.225
      vertex 27.09597822234371 -0.9042529496236149 25.625
    endloop
  endfacet
  facet normal 0.23836061448964496 0.6661732898343399 0.7066805256772055
    outer loop
      vertex 26.921807415991033 -1.478417151062942 26.225
      vertex 28.80674202024783 -2.1528575367697513 26.225
      vertex 27.09597822234371 -0.9042529496236149 25.625
    endloop
  endfacet
  facet normal 0.23836061448964568 0.6661732898343405 0.7066805256772046
    outer loop
      vertex 27.09597822234371 -0.9042529496236149 25.625
      vertex 28.80674202024783 -2.1528575367697513 26.225
      vertex 29.036352079666884 -1.5985298172629783 25.625
    endloop
  endfacet
  facet normal 0 0 1
    outer loop
      vertex 30.222465868125397 -7.197604435777748 26.225
      vertex 30.61649343125035 -3.00880620729356 26.225
      vertex 28.80674202024783 -2.1528575367697513 26.225
    endloop
  endfacet
  facet normal 0.3025092438137913 0.6396020575606329 0.7066805256772066
    outer loop
      vertex 30.61649343125035 -3.00880620729356 26.225
      vertex 30.899331473345953 -2.4796534486845445 25.625
      vertex 29.036352079666884 -1.5985298172629783 25.625
    endloop
  endfacet
  facet normal 0.3637445437516373 0.6068711078305674 0.7066805256772066
    outer loop
      vertex 30.61649343125035 -3.00880620729356 26.225
      vertex 32.333632753599886 -4.03801990902808 26.225
      vertex 30.899331473345953 -2.4796534486845445 25.625
    endloop
  endfacet
  facet normal 0.3025092438137932 0.6396020575606343 0.7066805256772045
    outer loop
      vertex 28.80674202024783 -2.1528575367697513 26.225
      vertex 30.61649343125035 -3.00880620729356 26.225
      vertex 29.036352079666884 -1.5985298172629783 25.625
    endloop
  endfacet
  facet normal 0 0 1
    outer loop
      vertex 36.336400239687364 -14.647455022739509 26.225
      vertex 36.88520957315467 -16.181274357575923 26.225
      vertex 36.76941324859983 -8.058377003061633 26.225
    endloop
  endfacet
  facet normal 0 0 1
    outer loop
      vertex 36.336400239687364 -14.647455022739509 26.225
      vertex 35.42497833620557 -6.5750216637944305 26.225
      vertex 35.639892988182694 -13.174814168688439 26.225
    endloop
  endfacet
  facet normal 0 0 1
    outer loop
      vertex 34.80239556422225 -11.777534131874603 26.225
      vertex 35.639892988182694 -13.174814168688439 26.225
      vertex 35.42497833620557 -6.5750216637944305 26.225
    endloop
  endfacet
  facet normal 0 0 1
    outer loop
      vertex 33.83197352582144 -10.469071482883484 26.225
      vertex 34.80239556422225 -11.777534131874603 26.225
      vertex 33.941622996938364 -5.230586751400166 26.225
    endloop
  endfacet
  facet normal 0 0 1
    outer loop
      vertex 36.336400239687364 -14.647455022739509 26.225
      vertex 36.76941324859983 -8.058377003061633 26.225
      vertex 35.42497833620557 -6.5750216637944305 26.225
    endloop
  endfacet
  facet normal 0 0 1
    outer loop
      vertex 37.6 -21 26.225
      vertex 37.96198009097192 -9.666367246400116 26.225
      vertex 37.52006646275847 -19.372915470529293 26.225
    endloop
  endfacet
  facet normal 0 0 1
    outer loop
      vertex 38.99119379270644 -30.61649343125035 26.225
      vertex 38.99119379270644 -11.383506568749649 26.225
      vertex 37.96198009097192 -9.666367246400116 26.225
    endloop
  endfacet
  facet normal 0 0 1
    outer loop
      vertex 37.52006646275847 -19.372915470529293 26.225
      vertex 37.96198009097192 -9.666367246400116 26.225
      vertex 37.281035654693625 -17.76150065453227 26.225
    endloop
  endfacet
  facet normal 0 0 1
    outer loop
      vertex 37.281035654693625 -17.76150065453227 26.225
      vertex 36.76941324859983 -8.058377003061633 26.225
      vertex 36.88520957315467 -16.181274357575923 26.225
    endloop
  endfacet
  facet normal 0 0 1
    outer loop
      vertex 39.84714246323025 -28.80674202024783 26.225
      vertex 39.84714246323025 -13.193257979752168 26.225
      vertex 38.99119379270644 -11.383506568749649 26.225
    endloop
  endfacet
  facet normal 0.6998748059040638 0.10381662048698753 0.7066805256772044
    outer loop
      vertex 41.301768424112815 -19.000450337276963 26.225
      vertex 41.59649088846784 -16.903103237661306 25.625
      vertex 41.0080197202259 -17.020157430870984 26.225
    endloop
  endfacet
  facet normal 0.6998748059040643 0.10381662048698732 0.7066805256772039
    outer loop
      vertex 41.301768424112815 -19.000450337276963 26.225
      vertex 41.89887926011613 -18.941640053079226 25.625
      vertex 41.59649088846784 -16.903103237661306 25.625
    endloop
  endfacet
  facet normal 0.6863289091595784 0.17191644214679705 0.7066805256772045
    outer loop
      vertex 41.0080197202259 -17.020157430870984 26.225
      vertex 41.59649088846784 -16.903103237661306 25.625
      vertex 41.09574705037639 -14.90402177765629 25.625
    endloop
  endfacet
  facet normal 0.6661732898343372 0.23836061448964552 0.7066805256772078
    outer loop
      vertex 40.52158284893706 -15.078192584008969 26.225
      vertex 41.09574705037639 -14.90402177765629 25.625
      vertex 40.40147018273702 -12.963647920333115 25.625
    endloop
  endfacet
  facet normal 0.6661732898343403 0.23836061448964488 0.706680525677205
    outer loop
      vertex 40.52158284893706 -15.078192584008969 26.225
      vertex 40.40147018273702 -12.963647920333115 25.625
      vertex 39.84714246323025 -13.193257979752168 26.225
    endloop
  endfacet
  facet normal 0.6863289091595747 0.17191644214679813 0.7066805256772077
    outer loop
      vertex 41.0080197202259 -17.020157430870984 26.225
      vertex 41.09574705037639 -14.90402177765629 25.625
      vertex 40.52158284893706 -15.078192584008969 26.225
    endloop
  endfacet
  facet normal 0 0 1
    outer loop
      vertex 37.281035654693625 -17.76150065453227 26.225
      vertex 37.96198009097192 -9.666367246400116 26.225
      vertex 36.76941324859983 -8.058377003061633 26.225
    endloop
  endfacet
  facet normal 0.6068711078305681 0.3637445437516372 0.7066805256772061
    outer loop
      vertex 38.99119379270644 -11.383506568749649 26.225
      vertex 39.520346551315455 -11.100668526654049 25.625
      vertex 38.460861858353454 -9.333025106588355 25.625
    endloop
  endfacet
  facet normal 0.6068711078305666 0.36374454375163723 0.7066805256772073
    outer loop
      vertex 37.96198009097192 -9.666367246400116 26.225
      vertex 38.99119379270644 -11.383506568749649 26.225
      vertex 38.460861858353454 -9.333025106588355 25.625
    endloop
  endfacet
  facet normal 0.639602057560634 0.3025092438137924 0.706680525677205
    outer loop
      vertex 39.84714246323025 -13.193257979752168 26.225
      vertex 40.40147018273702 -12.963647920333115 25.625
      vertex 39.520346551315455 -11.100668526654049 25.625
    endloop
  endfacet
  facet normal 0.6396020575606328 0.3025092438137925 0.7066805256772061
    outer loop
      vertex 38.99119379270644 -11.383506568749649 26.225
      vertex 39.84714246323025 -13.193257979752168 26.225
      vertex 39.520346551315455 -11.100668526654049 25.625
    endloop
  endfacet
  facet normal 0 0 1
    outer loop
      vertex 32.73797256769669 -9.26202743230331 26.225
      vertex 32.333632753599886 -4.03801990902808 26.225
      vertex 31.530928517116514 -8.168026474178564 26.225
    endloop
  endfacet
  facet normal 0 0 1
    outer loop
      vertex 32.73797256769669 -9.26202743230331 26.225
      vertex 33.83197352582144 -10.469071482883484 26.225
      vertex 32.333632753599886 -4.03801990902808 26.225
    endloop
  endfacet
  facet normal 0 0 1
    outer loop
      vertex 33.83197352582144 -10.469071482883484 26.225
      vertex 33.941622996938364 -5.230586751400166 26.225
      vertex 32.333632753599886 -4.03801990902808 26.225
    endloop
  endfacet
  facet normal 0 0 1
    outer loop
      vertex 34.80239556422225 -11.777534131874603 26.225
      vertex 35.42497833620557 -6.5750216637944305 26.225
      vertex 33.941622996938364 -5.230586751400166 26.225
    endloop
  endfacet
  facet normal 0.5242472094901074 0.47514997418754573 0.7066805256772044
    outer loop
      vertex 35.42497833620557 -6.5750216637944305 26.225
      vertex 36.76941324859983 -8.058377003061633 26.225
      vertex 35.8492424049175 -6.150757595082501 25.625
    endloop
  endfacet
  facet normal 0.5242472094901035 0.47514997418754495 0.706680525677208
    outer loop
      vertex 35.8492424049175 -6.150757595082501 25.625
      vertex 36.76941324859983 -8.058377003061633 26.225
      vertex 37.23321952061748 -7.6777410325634445 25.625
    endloop
  endfacet
  facet normal 0.4751499741875461 0.5242472094901068 0.7066805256772045
    outer loop
      vertex 35.42497833620557 -6.5750216637944305 26.225
      vertex 35.8492424049175 -6.150757595082501 25.625
      vertex 34.322258967436554 -4.766780479382522 25.625
    endloop
  endfacet
  facet normal 0.4751499741875441 0.5242472094901062 0.7066805256772063
    outer loop
      vertex 33.941622996938364 -5.230586751400166 26.225
      vertex 35.42497833620557 -6.5750216637944305 26.225
      vertex 34.322258967436554 -4.766780479382522 25.625
    endloop
  endfacet
  facet normal 0.3637445437516379 0.6068711078305679 0.7066805256772061
    outer loop
      vertex 30.899331473345953 -2.4796534486845445 25.625
      vertex 32.333632753599886 -4.03801990902808 26.225
      vertex 32.66697489341165 -3.53913814164655 25.625
    endloop
  endfacet
  facet normal 0.4214767848901615 0.5682956575826004 0.706680525677206
    outer loop
      vertex 33.941622996938364 -5.230586751400166 26.225
      vertex 32.66697489341165 -3.53913814164655 25.625
      vertex 32.333632753599886 -4.03801990902808 26.225
    endloop
  endfacet
  facet normal 0.4214767848901613 0.5682956575826001 0.7066805256772063
    outer loop
      vertex 33.941622996938364 -5.230586751400166 26.225
      vertex 34.322258967436554 -4.766780479382522 25.625
      vertex 32.66697489341165 -3.53913814164655 25.625
    endloop
  endfacet
  facet normal 0.568295657582599 0.4214767848901598 0.7066805256772082
    outer loop
      vertex 37.96198009097192 -9.666367246400116 26.225
      vertex 37.23321952061748 -7.6777410325634445 25.625
      vertex 36.76941324859983 -8.058377003061633 26.225
    endloop
  endfacet
  facet normal 0.5682956575826003 0.42147678489015994 0.7066805256772072
    outer loop
      vertex 37.96198009097192 -9.666367246400116 26.225
      vertex 38.460861858353454 -9.333025106588355 25.625
      vertex 37.23321952061748 -7.6777410325634445 25.625
    endloop
  endfacet
  facet normal -0.6343932841636504 -0.7730104533627332 0
    outer loop
      vertex 6.529598965499865 -36.160149482707496 18.825000000000003
      vertex 6.529598965499865 -36.160149482707496 25.625
      vertex 6.150757595082501 -35.8492424049175 18.825000000000003
    endloop
  endfacet
  facet normal -0.4713967368259943 -0.8819212643483567 -1.6572345177589608e-18
    outer loop
      vertex 6.529598965499865 -36.160149482707496 18.825000000000003
      vertex 6.961815967136145 -36.39117428322935 18.825000000000003
      vertex 6.961815967136145 -36.39117428322935 25.625
    endloop
  endfacet
  facet normal -0.2902846772544598 -0.9569403357322097 1.1314419175705276e-18
    outer loop
      vertex 6.961815967136145 -36.39117428322935 18.825000000000003
      vertex 7.43079874300855 -36.533438652959205 18.825000000000003
      vertex 7.43079874300855 -36.533438652959205 25.625
    endloop
  endfacet
  facet normal -0.09801714032955905 -0.995184726672197 -2.747039286575168e-20
    outer loop
      vertex 7.43079874300855 -36.533438652959205 18.825000000000003
      vertex 7.91852454804887 -36.58147545195113 18.825000000000003
      vertex 7.91852454804887 -36.58147545195113 25.625
    endloop
  endfacet
  facet normal 0.09801714032955905 -0.995184726672197 2.747039286575168e-20
    outer loop
      vertex 7.91852454804887 -36.58147545195113 18.825000000000003
      vertex 8.40625035308919 -36.533438652959205 18.825000000000003
      vertex 8.40625035308919 -36.533438652959205 25.625
    endloop
  endfacet
  facet normal 0.2902846772544598 -0.9569403357322097 -1.1314419175705276e-18
    outer loop
      vertex 8.40625035308919 -36.533438652959205 18.825000000000003
      vertex 8.875233128961595 -36.39117428322935 18.825000000000003
      vertex 8.875233128961595 -36.39117428322935 25.625
    endloop
  endfacet
  facet normal 0.4713967368259943 -0.8819212643483567 1.6572345177589608e-18
    outer loop
      vertex 8.875233128961595 -36.39117428322935 18.825000000000003
      vertex 9.307450130597875 -36.160149482707496 18.825000000000003
      vertex 9.307450130597875 -36.160149482707496 25.625
    endloop
  endfacet
  facet normal 0.6343932841636504 -0.7730104533627332 1.2281125745126964e-18
    outer loop
      vertex 9.307450130597875 -36.160149482707496 18.825000000000003
      vertex 9.686291501015239 -35.8492424049175 18.825000000000003
      vertex 9.686291501015239 -35.8492424049175 25.625
    endloop
  endfacet
  facet normal 0.773010453362737 -0.6343932841636456 0
    outer loop
      vertex 9.686291501015239 -35.8492424049175 18.825000000000003
      vertex 9.997198578805232 -35.470401034500135 18.825000000000003
      vertex 9.686291501015239 -35.8492424049175 25.625
    endloop
  endfacet
  facet normal 0.8819212643483547 -0.4713967368259985 0
    outer loop
      vertex 9.997198578805232 -35.470401034500135 18.825000000000003
      vertex 10.228223379327087 -35.03818403286385 18.825000000000003
      vertex 9.997198578805232 -35.470401034500135 25.625
    endloop
  endfacet
  facet normal 0.9569403357322097 -0.2902846772544598 0
    outer loop
      vertex 10.228223379327087 -35.03818403286385 18.825000000000003
      vertex 10.370487749056945 -34.56920125699145 18.825000000000003
      vertex 10.228223379327087 -35.03818403286385 25.625
    endloop
  endfacet
  facet normal 0.9951847266721966 -0.09801714032956263 0
    outer loop
      vertex 10.370487749056945 -34.56920125699145 18.825000000000003
      vertex 10.41852454804887 -34.08147545195113 18.825000000000003
      vertex 10.370487749056945 -34.56920125699145 25.625
    endloop
  endfacet
  facet normal 0.9951847266721966 0.09801714032956263 0
    outer loop
      vertex 10.41852454804887 -34.08147545195113 18.825000000000003
      vertex 10.370487749056945 -33.59374964691081 18.825000000000003
      vertex 10.41852454804887 -34.08147545195113 25.625
    endloop
  endfacet
  facet normal 0.9569403357322097 0.2902846772544598 0
    outer loop
      vertex 10.370487749056945 -33.59374964691081 18.825000000000003
      vertex 10.228223379327087 -33.1247668710384 18.825000000000003
      vertex 10.370487749056945 -33.59374964691081 25.625
    endloop
  endfacet
  facet normal 0.8819212643483514 0.4713967368260045 -1.3825132743127827e-18
    outer loop
      vertex 9.997198578805232 -32.69254986940213 18.825000000000003
      vertex 10.228223379327087 -33.1247668710384 25.625
      vertex 10.228223379327087 -33.1247668710384 18.825000000000003
    endloop
  endfacet
  facet normal 0.7730104533627428 0.6343932841636385 -8.667853112947223e-19
    outer loop
      vertex 9.686291501015239 -32.31370849898476 18.825000000000003
      vertex 9.997198578805232 -32.69254986940213 25.625
      vertex 9.997198578805232 -32.69254986940213 18.825000000000003
    endloop
  endfacet
  facet normal -0.6343932841636504 -0.7730104533627332 0
    outer loop
      vertex 6.150757595082501 -35.8492424049175 18.825000000000003
      vertex 6.529598965499865 -36.160149482707496 25.625
      vertex 6.150757595082501 -35.8492424049175 25.625
    endloop
  endfacet
  facet normal -0.4713967368259943 -0.8819212643483567 0
    outer loop
      vertex 6.529598965499865 -36.160149482707496 18.825000000000003
      vertex 6.961815967136145 -36.39117428322935 25.625
      vertex 6.529598965499865 -36.160149482707496 25.625
    endloop
  endfacet
  facet normal -0.2902846772544598 -0.9569403357322097 0
    outer loop
      vertex 6.961815967136145 -36.39117428322935 18.825000000000003
      vertex 7.43079874300855 -36.533438652959205 25.625
      vertex 6.961815967136145 -36.39117428322935 25.625
    endloop
  endfacet
  facet normal -0.09801714032955905 -0.995184726672197 0
    outer loop
      vertex 7.43079874300855 -36.533438652959205 18.825000000000003
      vertex 7.91852454804887 -36.58147545195113 25.625
      vertex 7.43079874300855 -36.533438652959205 25.625
    endloop
  endfacet
  facet normal 0.09801714032955905 -0.995184726672197 0
    outer loop
      vertex 7.91852454804887 -36.58147545195113 18.825000000000003
      vertex 8.40625035308919 -36.533438652959205 25.625
      vertex 7.91852454804887 -36.58147545195113 25.625
    endloop
  endfacet
  facet normal 0.2902846772544598 -0.9569403357322097 0
    outer loop
      vertex 8.40625035308919 -36.533438652959205 18.825000000000003
      vertex 8.875233128961595 -36.39117428322935 25.625
      vertex 8.40625035308919 -36.533438652959205 25.625
    endloop
  endfacet
  facet normal 0.4713967368259943 -0.8819212643483567 0
    outer loop
      vertex 8.875233128961595 -36.39117428322935 18.825000000000003
      vertex 9.307450130597875 -36.160149482707496 25.625
      vertex 8.875233128961595 -36.39117428322935 25.625
    endloop
  endfacet
  facet normal 0.6343932841636504 -0.7730104533627332 0
    outer loop
      vertex 9.307450130597875 -36.160149482707496 18.825000000000003
      vertex 9.686291501015239 -35.8492424049175 25.625
      vertex 9.307450130597875 -36.160149482707496 25.625
    endloop
  endfacet
  facet normal 0.773010453362737 -0.6343932841636456 0
    outer loop
      vertex 9.997198578805232 -35.470401034500135 18.825000000000003
      vertex 9.997198578805232 -35.470401034500135 25.625
      vertex 9.686291501015239 -35.8492424049175 25.625
    endloop
  endfacet
  facet normal 0.8819212643483547 -0.4713967368259985 0
    outer loop
      vertex 10.228223379327087 -35.03818403286385 18.825000000000003
      vertex 10.228223379327087 -35.03818403286385 25.625
      vertex 9.997198578805232 -35.470401034500135 25.625
    endloop
  endfacet
  facet normal 0.9569403357322097 -0.2902846772544598 0
    outer loop
      vertex 10.370487749056945 -34.56920125699145 18.825000000000003
      vertex 10.370487749056945 -34.56920125699145 25.625
      vertex 10.228223379327087 -35.03818403286385 25.625
    endloop
  endfacet
  facet normal 0.9951847266721966 -0.09801714032956263 0
    outer loop
      vertex 10.41852454804887 -34.08147545195113 18.825000000000003
      vertex 10.41852454804887 -34.08147545195113 25.625
      vertex 10.370487749056945 -34.56920125699145 25.625
    endloop
  endfacet
  facet normal 0.9951847266721966 0.09801714032956263 0
    outer loop
      vertex 10.370487749056945 -33.59374964691081 18.825000000000003
      vertex 10.370487749056945 -33.59374964691081 25.625
      vertex 10.41852454804887 -34.08147545195113 25.625
    endloop
  endfacet
  facet normal 0.9569403357322097 0.2902846772544598 0
    outer loop
      vertex 10.228223379327087 -33.1247668710384 18.825000000000003
      vertex 10.228223379327087 -33.1247668710384 25.625
      vertex 10.370487749056945 -33.59374964691081 25.625
    endloop
  endfacet
  facet normal 0.7730104533627428 0.6343932841636385 0
    outer loop
      vertex 9.686291501015239 -32.31370849898476 18.825000000000003
      vertex 9.686291501015239 -32.31370849898476 25.625
      vertex 9.997198578805232 -32.69254986940213 25.625
    endloop
  endfacet
  facet normal 0.8819212643483514 0.4713967368260045 0
    outer loop
      vertex 9.997198578805232 -32.69254986940213 18.825000000000003
      vertex 9.997198578805232 -32.69254986940213 25.625
      vertex 10.228223379327087 -33.1247668710384 25.625
    endloop
  endfacet
  facet normal -0.7730104533627388 -0.6343932841636433 0
    outer loop
      vertex 32.00280142119477 -35.470401034500135 18.825000000000003
      vertex 32.31370849898476 -35.8492424049175 18.825000000000003
      vertex 32.00280142119477 -35.470401034500135 25.625
    endloop
  endfacet
  facet normal -0.634393284163645 -0.7730104533627374 0
    outer loop
      vertex 32.69254986940213 -36.160149482707496 18.825000000000003
      vertex 32.69254986940213 -36.160149482707496 25.625
      vertex 32.31370849898476 -35.8492424049175 18.825000000000003
    endloop
  endfacet
  facet normal -0.8819212643483547 -0.4713967368259985 1.5962008039665888e-18
    outer loop
      vertex 32.00280142119477 -35.470401034500135 18.825000000000003
      vertex 31.771776620672913 -35.03818403286385 25.625
      vertex 31.771776620672913 -35.03818403286385 18.825000000000003
    endloop
  endfacet
  facet normal -0.9569403357322097 -0.2902846772544598 1.1314419175705276e-18
    outer loop
      vertex 31.771776620672913 -35.03818403286385 18.825000000000003
      vertex 31.629512250943055 -34.56920125699145 25.625
      vertex 31.629512250943055 -34.56920125699145 18.825000000000003
    endloop
  endfacet
  facet normal -0.4713967368259989 -0.8819212643483544 1.3140724313416041e-18
    outer loop
      vertex 32.69254986940213 -36.160149482707496 18.825000000000003
      vertex 33.1247668710384 -36.39117428322935 18.825000000000003
      vertex 33.1247668710384 -36.39117428322935 25.625
    endloop
  endfacet
  facet normal -0.2902846772544598 -0.9569403357322097 1.1314419175705276e-18
    outer loop
      vertex 33.1247668710384 -36.39117428322935 18.825000000000003
      vertex 33.59374964691081 -36.533438652959205 18.825000000000003
      vertex 33.59374964691081 -36.533438652959205 25.625
    endloop
  endfacet
  facet normal -0.09801714032955905 -0.995184726672197 -2.747039286575168e-20
    outer loop
      vertex 33.59374964691081 -36.533438652959205 18.825000000000003
      vertex 34.08147545195113 -36.58147545195113 18.825000000000003
      vertex 34.08147545195113 -36.58147545195113 25.625
    endloop
  endfacet
  facet normal -0.9951847266721964 -0.09801714032956624 -4.764044925089642e-19
    outer loop
      vertex 31.629512250943055 -34.56920125699145 18.825000000000003
      vertex 31.58147545195113 -34.08147545195113 25.625
      vertex 31.58147545195113 -34.08147545195113 18.825000000000003
    endloop
  endfacet
  facet normal -0.9951847266721964 0.09801714032956624 4.764044925089642e-19
    outer loop
      vertex 31.58147545195113 -34.08147545195113 18.825000000000003
      vertex 31.629512250943055 -33.59374964691081 25.625
      vertex 31.629512250943055 -33.59374964691081 18.825000000000003
    endloop
  endfacet
  facet normal -0.9569403357322097 0.2902846772544598 -1.1314419175705276e-18
    outer loop
      vertex 31.629512250943055 -33.59374964691081 18.825000000000003
      vertex 31.771776620672913 -33.1247668710384 25.625
      vertex 31.771776620672913 -33.1247668710384 18.825000000000003
    endloop
  endfacet
  facet normal -0.8819212643483514 0.4713967368260045 1.3825132743127827e-18
    outer loop
      vertex 31.771776620672913 -33.1247668710384 18.825000000000003
      vertex 32.00280142119477 -32.69254986940213 25.625
      vertex 32.00280142119477 -32.69254986940213 18.825000000000003
    endloop
  endfacet
  facet normal -0.7730104533627445 0.6343932841636363 -1.1807691178173602e-18
    outer loop
      vertex 32.00280142119477 -32.69254986940213 18.825000000000003
      vertex 32.31370849898476 -32.31370849898476 25.625
      vertex 32.31370849898476 -32.31370849898476 18.825000000000003
    endloop
  endfacet
  facet normal 0.09801714032955905 -0.995184726672197 2.747039286575168e-20
    outer loop
      vertex 34.08147545195113 -36.58147545195113 18.825000000000003
      vertex 34.56920125699145 -36.533438652959205 18.825000000000003
      vertex 34.56920125699145 -36.533438652959205 25.625
    endloop
  endfacet
  facet normal 0.2902846772544598 -0.9569403357322097 -1.1314419175705276e-18
    outer loop
      vertex 34.56920125699145 -36.533438652959205 18.825000000000003
      vertex 35.03818403286385 -36.39117428322935 18.825000000000003
      vertex 35.03818403286385 -36.39117428322935 25.625
    endloop
  endfacet
  facet normal 0.47139673682599287 -0.8819212643483576 -1.2851250337592834e-19
    outer loop
      vertex 35.03818403286385 -36.39117428322935 18.825000000000003
      vertex 35.470401034500135 -36.160149482707496 18.825000000000003
      vertex 35.470401034500135 -36.160149482707496 25.625
    endloop
  endfacet
  facet normal 0.634393284163652 -0.7730104533627317 2.0771832373083197e-18
    outer loop
      vertex 35.470401034500135 -36.160149482707496 18.825000000000003
      vertex 35.8492424049175 -35.8492424049175 18.825000000000003
      vertex 35.8492424049175 -35.8492424049175 25.625
    endloop
  endfacet
  facet normal -0.634393284163645 -0.7730104533627374 0
    outer loop
      vertex 32.31370849898476 -35.8492424049175 18.825000000000003
      vertex 32.69254986940213 -36.160149482707496 25.625
      vertex 32.31370849898476 -35.8492424049175 25.625
    endloop
  endfacet
  facet normal -0.7730104533627388 -0.6343932841636433 0
    outer loop
      vertex 32.31370849898476 -35.8492424049175 18.825000000000003
      vertex 32.31370849898476 -35.8492424049175 25.625
      vertex 32.00280142119477 -35.470401034500135 25.625
    endloop
  endfacet
  facet normal -0.9569403357322097 -0.2902846772544598 0
    outer loop
      vertex 31.771776620672913 -35.03818403286385 18.825000000000003
      vertex 31.771776620672913 -35.03818403286385 25.625
      vertex 31.629512250943055 -34.56920125699145 25.625
    endloop
  endfacet
  facet normal -0.8819212643483547 -0.4713967368259985 0
    outer loop
      vertex 32.00280142119477 -35.470401034500135 18.825000000000003
      vertex 32.00280142119477 -35.470401034500135 25.625
      vertex 31.771776620672913 -35.03818403286385 25.625
    endloop
  endfacet
  facet normal -0.9951847266721964 -0.09801714032956624 0
    outer loop
      vertex 31.629512250943055 -34.56920125699145 18.825000000000003
      vertex 31.629512250943055 -34.56920125699145 25.625
      vertex 31.58147545195113 -34.08147545195113 25.625
    endloop
  endfacet
  facet normal -0.4713967368259989 -0.8819212643483544 0
    outer loop
      vertex 32.69254986940213 -36.160149482707496 18.825000000000003
      vertex 33.1247668710384 -36.39117428322935 25.625
      vertex 32.69254986940213 -36.160149482707496 25.625
    endloop
  endfacet
  facet normal -0.2902846772544598 -0.9569403357322097 0
    outer loop
      vertex 33.1247668710384 -36.39117428322935 18.825000000000003
      vertex 33.59374964691081 -36.533438652959205 25.625
      vertex 33.1247668710384 -36.39117428322935 25.625
    endloop
  endfacet
  facet normal -0.09801714032955905 -0.995184726672197 0
    outer loop
      vertex 33.59374964691081 -36.533438652959205 18.825000000000003
      vertex 34.08147545195113 -36.58147545195113 25.625
      vertex 33.59374964691081 -36.533438652959205 25.625
    endloop
  endfacet
  facet normal -0.9951847266721964 0.09801714032956624 0
    outer loop
      vertex 31.58147545195113 -34.08147545195113 18.825000000000003
      vertex 31.58147545195113 -34.08147545195113 25.625
      vertex 31.629512250943055 -33.59374964691081 25.625
    endloop
  endfacet
  facet normal -0.9569403357322097 0.2902846772544598 0
    outer loop
      vertex 31.629512250943055 -33.59374964691081 18.825000000000003
      vertex 31.629512250943055 -33.59374964691081 25.625
      vertex 31.771776620672913 -33.1247668710384 25.625
    endloop
  endfacet
  facet normal -0.8819212643483514 0.4713967368260045 0
    outer loop
      vertex 31.771776620672913 -33.1247668710384 18.825000000000003
      vertex 31.771776620672913 -33.1247668710384 25.625
      vertex 32.00280142119477 -32.69254986940213 25.625
    endloop
  endfacet
  facet normal -0.7730104533627445 0.6343932841636363 0
    outer loop
      vertex 32.00280142119477 -32.69254986940213 18.825000000000003
      vertex 32.00280142119477 -32.69254986940213 25.625
      vertex 32.31370849898476 -32.31370849898476 25.625
    endloop
  endfacet
  facet normal 0.09801714032955905 -0.995184726672197 0
    outer loop
      vertex 34.08147545195113 -36.58147545195113 18.825000000000003
      vertex 34.56920125699145 -36.533438652959205 25.625
      vertex 34.08147545195113 -36.58147545195113 25.625
    endloop
  endfacet
  facet normal 0.2902846772544598 -0.9569403357322097 0
    outer loop
      vertex 34.56920125699145 -36.533438652959205 18.825000000000003
      vertex 35.03818403286385 -36.39117428322935 25.625
      vertex 34.56920125699145 -36.533438652959205 25.625
    endloop
  endfacet
  facet normal 0.47139673682599287 -0.8819212643483576 0
    outer loop
      vertex 35.03818403286385 -36.39117428322935 18.825000000000003
      vertex 35.470401034500135 -36.160149482707496 25.625
      vertex 35.03818403286385 -36.39117428322935 25.625
    endloop
  endfacet
  facet normal 0.634393284163652 -0.7730104533627317 0
    outer loop
      vertex 35.470401034500135 -36.160149482707496 18.825000000000003
      vertex 35.8492424049175 -35.8492424049175 25.625
      vertex 35.470401034500135 -36.160149482707496 25.625
    endloop
  endfacet
  facet normal -0.44966511695976413 -0.5479185303493954 -0.7053981618131142
    outer loop
      vertex 6.529598965499865 -36.160149482707496 18.825000000000003
      vertex 6.150757595082501 -35.8492424049175 18.825000000000003
      vertex 6.5750216637944305 -35.42497833620557 18.225
    endloop
  endfacet
  facet normal -0.33413132530045886 -0.625115741893959 -0.7053981618131168
    outer loop
      vertex 6.529598965499865 -36.160149482707496 18.825000000000003
      vertex 6.862941105311625 -35.66126771532596 18.225
      vertex 6.961815967136145 -36.39117428322935 18.825000000000003
    endloop
  endfacet
  facet normal -0.2057570541928716 -0.6782901060464844 -0.7053981618131143
    outer loop
      vertex 6.961815967136145 -36.39117428322935 18.825000000000003
      vertex 7.191426026555199 -35.836846563722574 18.225
      vertex 7.43079874300855 -36.533438652959205 18.825000000000003
    endloop
  endfacet
  facet normal -0.4496651169597573 -0.5479185303493977 -0.7053981618131165
    outer loop
      vertex 6.529598965499865 -36.160149482707496 18.825000000000003
      vertex 6.5750216637944305 -35.42497833620557 18.225
      vertex 6.862941105311625 -35.66126771532596 18.225
    endloop
  endfacet
  facet normal 0 0 -1
    outer loop
      vertex 6.862941105311625 -35.66126771532596 18.225
      vertex 6.5750216637944305 -35.42497833620557 18.225
      vertex 7.191426026555199 -35.836846563722574 18.225
    endloop
  endfacet
  facet normal 0 0 -1
    outer loop
      vertex 7.191426026555199 -35.836846563722574 18.225
      vertex 6.5750216637944305 -35.42497833620557 18.225
      vertex 7.547852936218227 -35.94496748471727 18.225
    endloop
  endfacet
  facet normal -0.3341313253004664 -0.6251157418939579 -0.7053981618131141
    outer loop
      vertex 6.961815967136145 -36.39117428322935 18.825000000000003
      vertex 6.862941105311625 -35.66126771532596 18.225
      vertex 7.191426026555199 -35.836846563722574 18.225
    endloop
  endfacet
  facet normal -0.2057570541928735 -0.6782901060464844 -0.7053981618131138
    outer loop
      vertex 7.191426026555199 -35.836846563722574 18.225
      vertex 7.547852936218227 -35.94496748471727 18.225
      vertex 7.43079874300855 -36.533438652959205 18.825000000000003
    endloop
  endfacet
  facet normal -0.06947565488253671 -0.705398161813116 -0.7053981618131137
    outer loop
      vertex 7.43079874300855 -36.533438652959205 18.825000000000003
      vertex 7.547852936218227 -35.94496748471727 18.225
      vertex 7.91852454804887 -36.58147545195113 18.825000000000003
    endloop
  endfacet
  facet normal -0.0694756548825329 -0.705398161813115 -0.705398161813115
    outer loop
      vertex 7.547852936218227 -35.94496748471727 18.225
      vertex 7.91852454804887 -35.98147545195113 18.225
      vertex 7.91852454804887 -36.58147545195113 18.825000000000003
    endloop
  endfacet
  facet normal 0 0 -1
    outer loop
      vertex 7.547852936218227 -35.94496748471727 18.225
      vertex 6.5750216637944305 -35.42497833620557 18.225
      vertex 7.91852454804887 -35.98147545195113 18.225
    endloop
  endfacet
  facet normal 0 0 -1
    outer loop
      vertex 6.5750216637944305 -35.42497833620557 18.225
      vertex 8.289196159879513 -35.94496748471727 18.225
      vertex 7.91852454804887 -35.98147545195113 18.225
    endloop
  endfacet
  facet normal 0 0 -1
    outer loop
      vertex 6.5750216637944305 -35.42497833620557 18.225
      vertex 8.645623069542541 -35.836846563722574 18.225
      vertex 8.289196159879513 -35.94496748471727 18.225
    endloop
  endfacet
  facet normal 0.06947565488253282 -0.705398161813115 -0.705398161813115
    outer loop
      vertex 7.91852454804887 -36.58147545195113 18.825000000000003
      vertex 7.91852454804887 -35.98147545195113 18.225
      vertex 8.289196159879513 -35.94496748471727 18.225
    endloop
  endfacet
  facet normal 0.06947565488253671 -0.705398161813116 -0.7053981618131138
    outer loop
      vertex 7.91852454804887 -36.58147545195113 18.825000000000003
      vertex 8.289196159879513 -35.94496748471727 18.225
      vertex 8.40625035308919 -36.533438652959205 18.825000000000003
    endloop
  endfacet
  facet normal 0.2057570541928735 -0.6782901060464844 -0.7053981618131138
    outer loop
      vertex 8.40625035308919 -36.533438652959205 18.825000000000003
      vertex 8.289196159879513 -35.94496748471727 18.225
      vertex 8.645623069542541 -35.836846563722574 18.225
    endloop
  endfacet
  facet normal 0 0 -1
    outer loop
      vertex 6.5750216637944305 -35.42497833620557 18.225
      vertex 8.974107990786115 -35.66126771532596 18.225
      vertex 8.645623069542541 -35.836846563722574 18.225
    endloop
  endfacet
  facet normal 0.20575705419287157 -0.6782901060464843 -0.7053981618131143
    outer loop
      vertex 8.40625035308919 -36.533438652959205 18.825000000000003
      vertex 8.645623069542541 -35.836846563722574 18.225
      vertex 8.875233128961595 -36.39117428322935 18.825000000000003
    endloop
  endfacet
  facet normal 0.33413132530045886 -0.625115741893959 -0.7053981618131168
    outer loop
      vertex 8.875233128961595 -36.39117428322935 18.825000000000003
      vertex 8.974107990786115 -35.66126771532596 18.225
      vertex 9.307450130597875 -36.160149482707496 18.825000000000003
    endloop
  endfacet
  facet normal 0.3341313253004664 -0.6251157418939579 -0.7053981618131142
    outer loop
      vertex 8.875233128961595 -36.39117428322935 18.825000000000003
      vertex 8.645623069542541 -35.836846563722574 18.225
      vertex 8.974107990786115 -35.66126771532596 18.225
    endloop
  endfacet
  facet normal 0.4496651169597573 -0.5479185303493977 -0.7053981618131165
    outer loop
      vertex 8.974107990786115 -35.66126771532596 18.225
      vertex 9.26202743230331 -35.42497833620557 18.225
      vertex 9.307450130597875 -36.160149482707496 18.825000000000003
    endloop
  endfacet
  facet normal 0 0 -1
    outer loop
      vertex 6.5750216637944305 -35.42497833620557 18.225
      vertex 9.26202743230331 -32.73797256769669 18.225
      vertex 8.974107990786115 -35.66126771532596 18.225
    endloop
  endfacet
  facet normal 0 0 -1
    outer loop
      vertex 8.974107990786115 -35.66126771532596 18.225
      vertex 9.26202743230331 -32.73797256769669 18.225
      vertex 9.26202743230331 -35.42497833620557 18.225
    endloop
  endfacet
  facet normal 0.44966511695976413 -0.5479185303493954 -0.7053981618131142
    outer loop
      vertex 9.307450130597875 -36.160149482707496 18.825000000000003
      vertex 9.26202743230331 -35.42497833620557 18.225
      vertex 9.686291501015239 -35.8492424049175 18.825000000000003
    endloop
  endfacet
  facet normal 0.5479185303493979 -0.4496651169597613 -0.7053981618131141
    outer loop
      vertex 9.686291501015239 -35.8492424049175 18.825000000000003
      vertex 9.26202743230331 -35.42497833620557 18.225
      vertex 9.498316811423706 -35.13705889468837 18.225
    endloop
  endfacet
  facet normal 0.5479185303493983 -0.4496651169597609 -0.7053981618131138
    outer loop
      vertex 9.686291501015239 -35.8492424049175 18.825000000000003
      vertex 9.498316811423706 -35.13705889468837 18.225
      vertex 9.997198578805232 -35.470401034500135 18.825000000000003
    endloop
  endfacet
  facet normal 0.6251157418939605 -0.3341313253004628 -0.7053981618131137
    outer loop
      vertex 9.997198578805232 -35.470401034500135 18.825000000000003
      vertex 9.498316811423706 -35.13705889468837 18.225
      vertex 9.673895659820314 -34.8085739734448 18.225
    endloop
  endfacet
  facet normal 0 0 -1
    outer loop
      vertex 9.26202743230331 -35.42497833620557 18.225
      vertex 9.498316811423706 -33.025892009213884 18.225
      vertex 9.498316811423706 -35.13705889468837 18.225
    endloop
  endfacet
  facet normal 0 0 -1
    outer loop
      vertex 9.498316811423706 -35.13705889468837 18.225
      vertex 9.673895659820314 -33.35437693045746 18.225
      vertex 9.673895659820314 -34.8085739734448 18.225
    endloop
  endfacet
  facet normal 0 0 -1
    outer loop
      vertex 9.673895659820314 -34.8085739734448 18.225
      vertex 9.782016580815007 -33.71080384012049 18.225
      vertex 9.782016580815007 -34.45214706378177 18.225
    endloop
  endfacet
  facet normal 0.62511574189396 -0.3341313253004632 -0.705398161813114
    outer loop
      vertex 9.997198578805232 -35.470401034500135 18.825000000000003
      vertex 9.673895659820314 -34.8085739734448 18.225
      vertex 10.228223379327087 -35.03818403286385 18.825000000000003
    endloop
  endfacet
  facet normal 0.6782901060464841 -0.20575705419287338 -0.7053981618131142
    outer loop
      vertex 9.673895659820314 -34.8085739734448 18.225
      vertex 9.782016580815007 -34.45214706378177 18.225
      vertex 10.228223379327087 -35.03818403286385 18.825000000000003
    endloop
  endfacet
  facet normal 0.6782901060464851 -0.20575705419287185 -0.7053981618131134
    outer loop
      vertex 9.782016580815007 -34.45214706378177 18.225
      vertex 10.370487749056945 -34.56920125699145 18.825000000000003
      vertex 10.228223379327087 -35.03818403286385 18.825000000000003
    endloop
  endfacet
  facet normal 0.7053981618131158 -0.06947565488253939 -0.7053981618131137
    outer loop
      vertex 9.782016580815007 -34.45214706378177 18.225
      vertex 9.81852454804887 -34.08147545195113 18.225
      vertex 10.370487749056945 -34.56920125699145 18.825000000000003
    endloop
  endfacet
  facet normal 0 0 -1
    outer loop
      vertex 9.26202743230331 -35.42497833620557 18.225
      vertex 9.26202743230331 -32.73797256769669 18.225
      vertex 9.498316811423706 -33.025892009213884 18.225
    endloop
  endfacet
  facet normal 0 0 -1
    outer loop
      vertex 9.782016580815007 -34.45214706378177 18.225
      vertex 9.782016580815007 -33.71080384012049 18.225
      vertex 9.81852454804887 -34.08147545195113 18.225
    endloop
  endfacet
  facet normal 0 0 -1
    outer loop
      vertex 9.498316811423706 -35.13705889468837 18.225
      vertex 9.498316811423706 -33.025892009213884 18.225
      vertex 9.673895659820314 -33.35437693045746 18.225
    endloop
  endfacet
  facet normal 0 0 -1
    outer loop
      vertex 9.673895659820314 -34.8085739734448 18.225
      vertex 9.673895659820314 -33.35437693045746 18.225
      vertex 9.782016580815007 -33.71080384012049 18.225
    endloop
  endfacet
  facet normal 0.7053981618131151 0.06947565488254066 -0.7053981618131142
    outer loop
      vertex 9.81852454804887 -34.08147545195113 18.225
      vertex 9.782016580815007 -33.71080384012049 18.225
      vertex 10.370487749056945 -33.59374964691081 18.825000000000003
    endloop
  endfacet
  facet normal 0.7053981618131158 -0.06947565488253926 -0.7053981618131138
    outer loop
      vertex 10.370487749056945 -34.56920125699145 18.825000000000003
      vertex 9.81852454804887 -34.08147545195113 18.225
      vertex 10.41852454804887 -34.08147545195113 18.825000000000003
    endloop
  endfacet
  facet normal 0.7053981618131158 0.06947565488253925 -0.7053981618131138
    outer loop
      vertex 9.81852454804887 -34.08147545195113 18.225
      vertex 10.370487749056945 -33.59374964691081 18.825000000000003
      vertex 10.41852454804887 -34.08147545195113 18.825000000000003
    endloop
  endfacet
  facet normal 0.678290106046484 0.2057570541928715 -0.7053981618131148
    outer loop
      vertex 9.782016580815007 -33.71080384012049 18.225
      vertex 10.228223379327087 -33.1247668710384 18.825000000000003
      vertex 10.370487749056945 -33.59374964691081 18.825000000000003
    endloop
  endfacet
  facet normal 0.6782901060464829 0.20575705419287302 -0.7053981618131154
    outer loop
      vertex 9.782016580815007 -33.71080384012049 18.225
      vertex 9.673895659820314 -33.35437693045746 18.225
      vertex 10.228223379327087 -33.1247668710384 18.825000000000003
    endloop
  endfacet
  facet normal 0.5479185303493977 0.4496651169597613 -0.7053981618131142
    outer loop
      vertex 9.498316811423706 -33.025892009213884 18.225
      vertex 9.26202743230331 -32.73797256769669 18.225
      vertex 9.686291501015239 -32.31370849898476 18.825000000000003
    endloop
  endfacet
  facet normal 0.6251157418939653 0.3341313253004582 -0.7053981618131113
    outer loop
      vertex 9.673895659820314 -33.35437693045746 18.225
      vertex 9.498316811423706 -33.025892009213884 18.225
      vertex 9.997198578805232 -32.69254986940213 18.825000000000003
    endloop
  endfacet
  facet normal 0.5479185303494043 0.44966511695975736 -0.7053981618131114
    outer loop
      vertex 9.498316811423706 -33.025892009213884 18.225
      vertex 9.686291501015239 -32.31370849898476 18.825000000000003
      vertex 9.997198578805232 -32.69254986940213 18.825000000000003
    endloop
  endfacet
  facet normal 0.6251157418939562 0.3341313253004667 -0.7053981618131157
    outer loop
      vertex 9.673895659820314 -33.35437693045746 18.225
      vertex 9.997198578805232 -32.69254986940213 18.825000000000003
      vertex 10.228223379327087 -33.1247668710384 18.825000000000003
    endloop
  endfacet
  facet normal -0.5479185303493995 -0.44966511695975936 -0.7053981618131139
    outer loop
      vertex 32.00280142119477 -35.470401034500135 18.825000000000003
      vertex 32.501683188576294 -35.13705889468837 18.225
      vertex 32.31370849898476 -35.8492424049175 18.825000000000003
    endloop
  endfacet
  facet normal -0.44966511695976086 -0.5479185303493992 -0.7053981618131132
    outer loop
      vertex 32.69254986940213 -36.160149482707496 18.825000000000003
      vertex 32.31370849898476 -35.8492424049175 18.825000000000003
      vertex 32.73797256769669 -35.42497833620557 18.225
    endloop
  endfacet
  facet normal -0.5479185303494019 -0.44966511695975797 -0.705398161813113
    outer loop
      vertex 32.31370849898476 -35.8492424049175 18.825000000000003
      vertex 32.501683188576294 -35.13705889468837 18.225
      vertex 32.73797256769669 -35.42497833620557 18.225
    endloop
  endfacet
  facet normal -0.6251157418939617 -0.334131325300464 -0.705398161813112
    outer loop
      vertex 32.00280142119477 -35.470401034500135 18.825000000000003
      vertex 31.771776620672913 -35.03818403286385 18.825000000000003
      vertex 32.32610434017968 -34.8085739734448 18.225
    endloop
  endfacet
  facet normal -0.678290106046487 -0.2057570541928724 -0.7053981618131114
    outer loop
      vertex 31.771776620672913 -35.03818403286385 18.825000000000003
      vertex 31.629512250943055 -34.56920125699145 18.825000000000003
      vertex 32.21798341918499 -34.45214706378177 18.225
    endloop
  endfacet
  facet normal -0.678290106046486 -0.20575705419287388 -0.7053981618131121
    outer loop
      vertex 31.771776620672913 -35.03818403286385 18.825000000000003
      vertex 32.21798341918499 -34.45214706378177 18.225
      vertex 32.32610434017968 -34.8085739734448 18.225
    endloop
  endfacet
  facet normal -0.7053981618131188 -0.06947565488253292 -0.7053981618131113
    outer loop
      vertex 31.629512250943055 -34.56920125699145 18.825000000000003
      vertex 32.18147545195113 -34.08147545195113 18.225
      vertex 32.21798341918499 -34.45214706378177 18.225
    endloop
  endfacet
  facet normal -0.6251157418939574 -0.33413132530046796 -0.7053981618131139
    outer loop
      vertex 32.00280142119477 -35.470401034500135 18.825000000000003
      vertex 32.32610434017968 -34.8085739734448 18.225
      vertex 32.501683188576294 -35.13705889468837 18.225
    endloop
  endfacet
  facet normal 0 0 -1
    outer loop
      vertex 32.501683188576294 -35.13705889468837 18.225
      vertex 32.32610434017968 -34.8085739734448 18.225
      vertex 32.501683188576294 -33.025892009213884 18.225
    endloop
  endfacet
  facet normal 0 0 -1
    outer loop
      vertex 32.73797256769669 -35.42497833620557 18.225
      vertex 32.501683188576294 -35.13705889468837 18.225
      vertex 32.73797256769669 -32.73797256769669 18.225
    endloop
  endfacet
  facet normal -0.33413132530046274 -0.6251157418939586 -0.7053981618131155
    outer loop
      vertex 32.69254986940213 -36.160149482707496 18.825000000000003
      vertex 33.025892009213884 -35.66126771532596 18.225
      vertex 33.1247668710384 -36.39117428322935 18.825000000000003
    endloop
  endfacet
  facet normal -0.20575705419287132 -0.6782901060464835 -0.7053981618131152
    outer loop
      vertex 33.1247668710384 -36.39117428322935 18.825000000000003
      vertex 33.35437693045746 -35.836846563722574 18.225
      vertex 33.59374964691081 -36.533438652959205 18.825000000000003
    endloop
  endfacet
  facet normal -0.4496651169597569 -0.5479185303494006 -0.7053981618131148
    outer loop
      vertex 32.69254986940213 -36.160149482707496 18.825000000000003
      vertex 32.73797256769669 -35.42497833620557 18.225
      vertex 33.025892009213884 -35.66126771532596 18.225
    endloop
  endfacet
  facet normal -0.3341313253004614 -0.6251157418939587 -0.7053981618131159
    outer loop
      vertex 33.1247668710384 -36.39117428322935 18.825000000000003
      vertex 33.025892009213884 -35.66126771532596 18.225
      vertex 33.35437693045746 -35.836846563722574 18.225
    endloop
  endfacet
  facet normal -0.06947565488253668 -0.7053981618131157 -0.7053981618131141
    outer loop
      vertex 33.59374964691081 -36.533438652959205 18.825000000000003
      vertex 33.71080384012049 -35.94496748471727 18.225
      vertex 34.08147545195113 -36.58147545195113 18.825000000000003
    endloop
  endfacet
  facet normal -0.20575705419287324 -0.6782901060464835 -0.7053981618131147
    outer loop
      vertex 33.35437693045746 -35.836846563722574 18.225
      vertex 33.71080384012049 -35.94496748471727 18.225
      vertex 33.59374964691081 -36.533438652959205 18.825000000000003
    endloop
  endfacet
  facet normal -0.06947565488253389 -0.705398161813115 -0.705398161813115
    outer loop
      vertex 34.08147545195113 -36.58147545195113 18.825000000000003
      vertex 33.71080384012049 -35.94496748471727 18.225
      vertex 34.08147545195113 -35.98147545195113 18.225
    endloop
  endfacet
  facet normal 0 0 -1
    outer loop
      vertex 32.73797256769669 -35.42497833620557 18.225
      vertex 32.73797256769669 -32.73797256769669 18.225
      vertex 33.025892009213884 -35.66126771532596 18.225
    endloop
  endfacet
  facet normal 0 0 -1
    outer loop
      vertex 33.025892009213884 -35.66126771532596 18.225
      vertex 32.73797256769669 -32.73797256769669 18.225
      vertex 33.35437693045746 -35.836846563722574 18.225
    endloop
  endfacet
  facet normal 0 0 -1
    outer loop
      vertex 33.35437693045746 -35.836846563722574 18.225
      vertex 32.73797256769669 -32.73797256769669 18.225
      vertex 33.71080384012049 -35.94496748471727 18.225
    endloop
  endfacet
  facet normal 0 0 -1
    outer loop
      vertex 33.71080384012049 -35.94496748471727 18.225
      vertex 32.73797256769669 -32.73797256769669 18.225
      vertex 34.08147545195113 -35.98147545195113 18.225
    endloop
  endfacet
  facet normal 0 0 -1
    outer loop
      vertex 34.08147545195113 -35.98147545195113 18.225
      vertex 32.73797256769669 -32.73797256769669 18.225
      vertex 34.45214706378177 -35.94496748471727 18.225
    endloop
  endfacet
  facet normal 0 0 -1
    outer loop
      vertex 32.73797256769669 -32.73797256769669 18.225
      vertex 34.8085739734448 -35.836846563722574 18.225
      vertex 34.45214706378177 -35.94496748471727 18.225
    endloop
  endfacet
  facet normal -0.7053981618131145 -0.0694756548825417 -0.7053981618131147
    outer loop
      vertex 31.629512250943055 -34.56920125699145 18.825000000000003
      vertex 31.58147545195113 -34.08147545195113 18.825000000000003
      vertex 32.18147545195113 -34.08147545195113 18.225
    endloop
  endfacet
  facet normal -0.7053981618131147 0.06947565488254172 -0.7053981618131147
    outer loop
      vertex 31.58147545195113 -34.08147545195113 18.825000000000003
      vertex 31.629512250943055 -33.59374964691081 18.825000000000003
      vertex 32.18147545195113 -34.08147545195113 18.225
    endloop
  endfacet
  facet normal -0.7053981618131181 0.06947565488253413 -0.7053981618131119
    outer loop
      vertex 31.629512250943055 -33.59374964691081 18.825000000000003
      vertex 32.21798341918499 -33.71080384012049 18.225
      vertex 32.18147545195113 -34.08147545195113 18.225
    endloop
  endfacet
  facet normal -0.678290106046486 0.20575705419287207 -0.7053981618131128
    outer loop
      vertex 31.629512250943055 -33.59374964691081 18.825000000000003
      vertex 31.771776620672913 -33.1247668710384 18.825000000000003
      vertex 32.21798341918499 -33.71080384012049 18.225
    endloop
  endfacet
  facet normal -0.6782901060464848 0.2057570541928736 -0.7053981618131133
    outer loop
      vertex 32.21798341918499 -33.71080384012049 18.225
      vertex 31.771776620672913 -33.1247668710384 18.825000000000003
      vertex 32.32610434017968 -33.35437693045746 18.225
    endloop
  endfacet
  facet normal 0 0 -1
    outer loop
      vertex 32.32610434017968 -34.8085739734448 18.225
      vertex 32.21798341918499 -34.45214706378177 18.225
      vertex 32.32610434017968 -33.35437693045746 18.225
    endloop
  endfacet
  facet normal 0 0 -1
    outer loop
      vertex 32.21798341918499 -34.45214706378177 18.225
      vertex 32.18147545195113 -34.08147545195113 18.225
      vertex 32.21798341918499 -33.71080384012049 18.225
    endloop
  endfacet
  facet normal 0 0 -1
    outer loop
      vertex 32.21798341918499 -34.45214706378177 18.225
      vertex 32.21798341918499 -33.71080384012049 18.225
      vertex 32.32610434017968 -33.35437693045746 18.225
    endloop
  endfacet
  facet normal 0 0 -1
    outer loop
      vertex 32.32610434017968 -34.8085739734448 18.225
      vertex 32.32610434017968 -33.35437693045746 18.225
      vertex 32.501683188576294 -33.025892009213884 18.225
    endloop
  endfacet
  facet normal 0 0 -1
    outer loop
      vertex 32.501683188576294 -35.13705889468837 18.225
      vertex 32.501683188576294 -33.025892009213884 18.225
      vertex 32.73797256769669 -32.73797256769669 18.225
    endloop
  endfacet
  facet normal -0.6251157418939578 0.3341313253004675 -0.7053981618131138
    outer loop
      vertex 32.32610434017968 -33.35437693045746 18.225
      vertex 31.771776620672913 -33.1247668710384 18.825000000000003
      vertex 32.00280142119477 -32.69254986940213 18.825000000000003
    endloop
  endfacet
  facet normal -0.6251157418939625 0.33413132530046336 -0.7053981618131118
    outer loop
      vertex 32.32610434017968 -33.35437693045746 18.225
      vertex 32.00280142119477 -32.69254986940213 18.825000000000003
      vertex 32.501683188576294 -33.025892009213884 18.225
    endloop
  endfacet
  facet normal -0.5479185303494055 0.4496651169597558 -0.7053981618131115
    outer loop
      vertex 32.00280142119477 -32.69254986940213 18.825000000000003
      vertex 32.31370849898476 -32.31370849898476 18.825000000000003
      vertex 32.501683188576294 -33.025892009213884 18.225
    endloop
  endfacet
  facet normal -0.5479185303494019 0.4496651169597579 -0.7053981618131131
    outer loop
      vertex 32.501683188576294 -33.025892009213884 18.225
      vertex 32.31370849898476 -32.31370849898476 18.825000000000003
      vertex 32.73797256769669 -32.73797256769669 18.225
    endloop
  endfacet
  facet normal 0.06947565488253672 -0.705398161813116 -0.7053981618131137
    outer loop
      vertex 34.08147545195113 -36.58147545195113 18.825000000000003
      vertex 34.45214706378177 -35.94496748471727 18.225
      vertex 34.56920125699145 -36.533438652959205 18.825000000000003
    endloop
  endfacet
  facet normal 0.06947565488253248 -0.705398161813115 -0.705398161813115
    outer loop
      vertex 34.08147545195113 -36.58147545195113 18.825000000000003
      vertex 34.08147545195113 -35.98147545195113 18.225
      vertex 34.45214706378177 -35.94496748471727 18.225
    endloop
  endfacet
  facet normal 0.20575705419287355 -0.6782901060464847 -0.7053981618131134
    outer loop
      vertex 34.56920125699145 -36.533438652959205 18.825000000000003
      vertex 34.45214706378177 -35.94496748471727 18.225
      vertex 34.8085739734448 -35.836846563722574 18.225
    endloop
  endfacet
  facet normal 0.20575705419287169 -0.6782901060464847 -0.7053981618131141
    outer loop
      vertex 34.56920125699145 -36.533438652959205 18.825000000000003
      vertex 34.8085739734448 -35.836846563722574 18.225
      vertex 35.03818403286385 -36.39117428322935 18.825000000000003
    endloop
  endfacet
  facet normal 0.3341313253004576 -0.6251157418939592 -0.7053981618131171
    outer loop
      vertex 35.03818403286385 -36.39117428322935 18.825000000000003
      vertex 35.13705889468837 -35.66126771532596 18.225
      vertex 35.470401034500135 -36.160149482707496 18.825000000000003
    endloop
  endfacet
  facet normal 0.3341313253004681 -0.6251157418939577 -0.7053981618131135
    outer loop
      vertex 35.03818403286385 -36.39117428322935 18.825000000000003
      vertex 34.8085739734448 -35.836846563722574 18.225
      vertex 35.13705889468837 -35.66126771532596 18.225
    endloop
  endfacet
  facet normal 0.44966511695975525 -0.5479185303493986 -0.7053981618131174
    outer loop
      vertex 35.13705889468837 -35.66126771532596 18.225
      vertex 35.42497833620557 -35.42497833620557 18.225
      vertex 35.470401034500135 -36.160149482707496 18.825000000000003
    endloop
  endfacet
  facet normal 0 0 -1
    outer loop
      vertex 32.73797256769669 -32.73797256769669 18.225
      vertex 35.13705889468837 -35.66126771532596 18.225
      vertex 34.8085739734448 -35.836846563722574 18.225
    endloop
  endfacet
  facet normal 0 0 -1
    outer loop
      vertex 32.73797256769669 -32.73797256769669 18.225
      vertex 35.42497833620557 -35.42497833620557 18.225
      vertex 35.13705889468837 -35.66126771532596 18.225
    endloop
  endfacet
  facet normal 0.4496651169597657 -0.5479185303493948 -0.7053981618131135
    outer loop
      vertex 35.42497833620557 -35.42497833620557 18.225
      vertex 35.8492424049175 -35.8492424049175 18.825000000000003
      vertex 35.470401034500135 -36.160149482707496 18.825000000000003
    endloop
  endfacet
  facet normal -0.44966511695976413 -0.5479185303493954 0.7053981618131142
    outer loop
      vertex 6.529598965499865 -36.160149482707496 25.625
      vertex 6.5750216637944305 -35.42497833620557 26.225
      vertex 6.150757595082501 -35.8492424049175 25.625
    endloop
  endfacet
  facet normal -0.33413132530045886 -0.625115741893959 0.7053981618131168
    outer loop
      vertex 6.529598965499865 -36.160149482707496 25.625
      vertex 6.961815967136145 -36.39117428322935 25.625
      vertex 6.862941105311625 -35.66126771532596 26.225
    endloop
  endfacet
  facet normal -0.20575705419287157 -0.6782901060464843 0.7053981618131143
    outer loop
      vertex 6.961815967136145 -36.39117428322935 25.625
      vertex 7.43079874300855 -36.533438652959205 25.625
      vertex 7.191426026555199 -35.836846563722574 26.225
    endloop
  endfacet
  facet normal -0.44966511695975736 -0.5479185303493977 0.7053981618131167
    outer loop
      vertex 6.529598965499865 -36.160149482707496 25.625
      vertex 6.862941105311625 -35.66126771532596 26.225
      vertex 6.5750216637944305 -35.42497833620557 26.225
    endloop
  endfacet
  facet normal -0.3341313253004664 -0.6251157418939579 0.7053981618131142
    outer loop
      vertex 6.961815967136145 -36.39117428322935 25.625
      vertex 7.191426026555199 -35.836846563722574 26.225
      vertex 6.862941105311625 -35.66126771532596 26.225
    endloop
  endfacet
  facet normal -0.2057570541928735 -0.6782901060464844 0.7053981618131138
    outer loop
      vertex 7.191426026555199 -35.836846563722574 26.225
      vertex 7.43079874300855 -36.533438652959205 25.625
      vertex 7.547852936218227 -35.94496748471727 26.225
    endloop
  endfacet
  facet normal -0.06947565488253671 -0.705398161813116 0.7053981618131137
    outer loop
      vertex 7.43079874300855 -36.533438652959205 25.625
      vertex 7.91852454804887 -36.58147545195113 25.625
      vertex 7.547852936218227 -35.94496748471727 26.225
    endloop
  endfacet
  facet normal -0.0694756548825329 -0.705398161813115 0.705398161813115
    outer loop
      vertex 7.547852936218227 -35.94496748471727 26.225
      vertex 7.91852454804887 -36.58147545195113 25.625
      vertex 7.91852454804887 -35.98147545195113 26.225
    endloop
  endfacet
  facet normal 0 0 1
    outer loop
      vertex 6.862941105311625 -35.66126771532596 26.225
      vertex 9.26202743230331 -32.73797256769669 26.225
      vertex 6.5750216637944305 -35.42497833620557 26.225
    endloop
  endfacet
  facet normal 0 0 1
    outer loop
      vertex 6.862941105311625 -35.66126771532596 26.225
      vertex 7.191426026555199 -35.836846563722574 26.225
      vertex 9.26202743230331 -32.73797256769669 26.225
    endloop
  endfacet
  facet normal 0.0694756548825366 -0.7053981618131148 0.7053981618131148
    outer loop
      vertex 7.91852454804887 -36.58147545195113 25.625
      vertex 8.40625035308919 -36.533438652959205 25.625
      vertex 7.91852454804887 -35.98147545195113 26.225
    endloop
  endfacet
  facet normal 0.0694756548825331 -0.7053981618131165 0.7053981618131135
    outer loop
      vertex 8.40625035308919 -36.533438652959205 25.625
      vertex 8.289196159879513 -35.94496748471727 26.225
      vertex 7.91852454804887 -35.98147545195113 26.225
    endloop
  endfacet
  facet normal 0.20575705419287343 -0.6782901060464844 0.7053981618131138
    outer loop
      vertex 8.40625035308919 -36.533438652959205 25.625
      vertex 8.645623069542541 -35.836846563722574 26.225
      vertex 8.289196159879513 -35.94496748471727 26.225
    endloop
  endfacet
  facet normal 0.20575705419287157 -0.6782901060464843 0.7053981618131143
    outer loop
      vertex 8.40625035308919 -36.533438652959205 25.625
      vertex 8.875233128961595 -36.39117428322935 25.625
      vertex 8.645623069542541 -35.836846563722574 26.225
    endloop
  endfacet
  facet normal 0.33413132530045886 -0.625115741893959 0.7053981618131168
    outer loop
      vertex 8.875233128961595 -36.39117428322935 25.625
      vertex 9.307450130597875 -36.160149482707496 25.625
      vertex 8.974107990786115 -35.66126771532596 26.225
    endloop
  endfacet
  facet normal 0.3341313253004664 -0.6251157418939579 0.7053981618131141
    outer loop
      vertex 8.875233128961595 -36.39117428322935 25.625
      vertex 8.974107990786115 -35.66126771532596 26.225
      vertex 8.645623069542541 -35.836846563722574 26.225
    endloop
  endfacet
  facet normal 0.4496651169597573 -0.5479185303493977 0.7053981618131165
    outer loop
      vertex 8.974107990786115 -35.66126771532596 26.225
      vertex 9.307450130597875 -36.160149482707496 25.625
      vertex 9.26202743230331 -35.42497833620557 26.225
    endloop
  endfacet
  facet normal 0 0 1
    outer loop
      vertex 7.547852936218227 -35.94496748471727 26.225
      vertex 7.91852454804887 -35.98147545195113 26.225
      vertex 9.26202743230331 -32.73797256769669 26.225
    endloop
  endfacet
  facet normal 0 0 1
    outer loop
      vertex 7.91852454804887 -35.98147545195113 26.225
      vertex 8.289196159879513 -35.94496748471727 26.225
      vertex 9.26202743230331 -32.73797256769669 26.225
    endloop
  endfacet
  facet normal 0 0 1
    outer loop
      vertex 7.191426026555199 -35.836846563722574 26.225
      vertex 7.547852936218227 -35.94496748471727 26.225
      vertex 9.26202743230331 -32.73797256769669 26.225
    endloop
  endfacet
  facet normal 0 0 1
    outer loop
      vertex 8.289196159879513 -35.94496748471727 26.225
      vertex 8.645623069542541 -35.836846563722574 26.225
      vertex 9.26202743230331 -32.73797256769669 26.225
    endloop
  endfacet
  facet normal 0 0 1
    outer loop
      vertex 8.645623069542541 -35.836846563722574 26.225
      vertex 8.974107990786115 -35.66126771532596 26.225
      vertex 9.26202743230331 -32.73797256769669 26.225
    endloop
  endfacet
  facet normal 0 0 1
    outer loop
      vertex 8.974107990786115 -35.66126771532596 26.225
      vertex 9.26202743230331 -35.42497833620557 26.225
      vertex 9.26202743230331 -32.73797256769669 26.225
    endloop
  endfacet
  facet normal 0.44966511695976413 -0.5479185303493954 0.7053981618131142
    outer loop
      vertex 9.307450130597875 -36.160149482707496 25.625
      vertex 9.686291501015239 -35.8492424049175 25.625
      vertex 9.26202743230331 -35.42497833620557 26.225
    endloop
  endfacet
  facet normal 0.5479185303493977 -0.4496651169597614 0.7053981618131142
    outer loop
      vertex 9.686291501015239 -35.8492424049175 25.625
      vertex 9.498316811423706 -35.13705889468837 26.225
      vertex 9.26202743230331 -35.42497833620557 26.225
    endloop
  endfacet
  facet normal 0.5479185303493983 -0.4496651169597609 0.7053981618131138
    outer loop
      vertex 9.686291501015239 -35.8492424049175 25.625
      vertex 9.997198578805232 -35.470401034500135 25.625
      vertex 9.498316811423706 -35.13705889468837 26.225
    endloop
  endfacet
  facet normal 0.6251157418939605 -0.3341313253004628 0.7053981618131137
    outer loop
      vertex 9.997198578805232 -35.470401034500135 25.625
      vertex 9.673895659820314 -34.8085739734448 26.225
      vertex 9.498316811423706 -35.13705889468837 26.225
    endloop
  endfacet
  facet normal 0 0 1
    outer loop
      vertex 9.26202743230331 -35.42497833620557 26.225
      vertex 9.498316811423706 -35.13705889468837 26.225
      vertex 9.26202743230331 -32.73797256769669 26.225
    endloop
  endfacet
  facet normal 0 0 1
    outer loop
      vertex 9.498316811423706 -35.13705889468837 26.225
      vertex 9.673895659820314 -34.8085739734448 26.225
      vertex 9.498316811423706 -33.025892009213884 26.225
    endloop
  endfacet
  facet normal 0.62511574189396 -0.3341313253004632 0.705398161813114
    outer loop
      vertex 9.997198578805232 -35.470401034500135 25.625
      vertex 10.228223379327087 -35.03818403286385 25.625
      vertex 9.673895659820314 -34.8085739734448 26.225
    endloop
  endfacet
  facet normal 0.6782901060464841 -0.20575705419287338 0.7053981618131142
    outer loop
      vertex 9.673895659820314 -34.8085739734448 26.225
      vertex 10.228223379327087 -35.03818403286385 25.625
      vertex 9.782016580815007 -34.45214706378177 26.225
    endloop
  endfacet
  facet normal 0.6782901060464852 -0.20575705419287185 0.7053981618131135
    outer loop
      vertex 9.782016580815007 -34.45214706378177 26.225
      vertex 10.228223379327087 -35.03818403286385 25.625
      vertex 10.370487749056945 -34.56920125699145 25.625
    endloop
  endfacet
  facet normal 0.7053981618131158 -0.06947565488253939 0.7053981618131137
    outer loop
      vertex 9.782016580815007 -34.45214706378177 26.225
      vertex 10.370487749056945 -34.56920125699145 25.625
      vertex 9.81852454804887 -34.08147545195113 26.225
    endloop
  endfacet
  facet normal 0 0 1
    outer loop
      vertex 9.673895659820314 -34.8085739734448 26.225
      vertex 9.782016580815007 -34.45214706378177 26.225
      vertex 9.673895659820314 -33.35437693045746 26.225
    endloop
  endfacet
  facet normal 0 0 1
    outer loop
      vertex 9.782016580815007 -34.45214706378177 26.225
      vertex 9.81852454804887 -34.08147545195113 26.225
      vertex 9.782016580815007 -33.71080384012049 26.225
    endloop
  endfacet
  facet normal 0 0 1
    outer loop
      vertex 9.673895659820314 -34.8085739734448 26.225
      vertex 9.673895659820314 -33.35437693045746 26.225
      vertex 9.498316811423706 -33.025892009213884 26.225
    endloop
  endfacet
  facet normal 0 0 1
    outer loop
      vertex 9.782016580815007 -34.45214706378177 26.225
      vertex 9.782016580815007 -33.71080384012049 26.225
      vertex 9.673895659820314 -33.35437693045746 26.225
    endloop
  endfacet
  facet normal 0 0 1
    outer loop
      vertex 9.498316811423706 -35.13705889468837 26.225
      vertex 9.498316811423706 -33.025892009213884 26.225
      vertex 9.26202743230331 -32.73797256769669 26.225
    endloop
  endfacet
  facet normal 0.7053981618131151 0.06947565488254066 0.7053981618131142
    outer loop
      vertex 9.81852454804887 -34.08147545195113 26.225
      vertex 10.370487749056945 -33.59374964691081 25.625
      vertex 9.782016580815007 -33.71080384012049 26.225
    endloop
  endfacet
  facet normal 0.7053981618131158 -0.06947565488253926 0.7053981618131138
    outer loop
      vertex 10.370487749056945 -34.56920125699145 25.625
      vertex 10.41852454804887 -34.08147545195113 25.625
      vertex 9.81852454804887 -34.08147545195113 26.225
    endloop
  endfacet
  facet normal 0.7053981618131158 0.0694756548825393 0.7053981618131138
    outer loop
      vertex 9.81852454804887 -34.08147545195113 26.225
      vertex 10.41852454804887 -34.08147545195113 25.625
      vertex 10.370487749056945 -33.59374964691081 25.625
    endloop
  endfacet
  facet normal 0.678290106046484 0.20575705419287152 0.7053981618131148
    outer loop
      vertex 9.782016580815007 -33.71080384012049 26.225
      vertex 10.370487749056945 -33.59374964691081 25.625
      vertex 10.228223379327087 -33.1247668710384 25.625
    endloop
  endfacet
  facet normal 0.6782901060464829 0.20575705419287302 0.7053981618131154
    outer loop
      vertex 9.782016580815007 -33.71080384012049 26.225
      vertex 10.228223379327087 -33.1247668710384 25.625
      vertex 9.673895659820314 -33.35437693045746 26.225
    endloop
  endfacet
  facet normal 0.5479185303493977 0.4496651169597613 0.7053981618131142
    outer loop
      vertex 9.498316811423706 -33.025892009213884 26.225
      vertex 9.686291501015239 -32.31370849898476 25.625
      vertex 9.26202743230331 -32.73797256769669 26.225
    endloop
  endfacet
  facet normal 0.6251157418939653 0.3341313253004582 0.7053981618131113
    outer loop
      vertex 9.673895659820314 -33.35437693045746 26.225
      vertex 9.997198578805232 -32.69254986940213 25.625
      vertex 9.498316811423706 -33.025892009213884 26.225
    endloop
  endfacet
  facet normal 0.5479185303494043 0.44966511695975736 0.7053981618131114
    outer loop
      vertex 9.498316811423706 -33.025892009213884 26.225
      vertex 9.997198578805232 -32.69254986940213 25.625
      vertex 9.686291501015239 -32.31370849898476 25.625
    endloop
  endfacet
  facet normal 0.6251157418939562 0.33413132530046663 0.7053981618131158
    outer loop
      vertex 9.673895659820314 -33.35437693045746 26.225
      vertex 10.228223379327087 -33.1247668710384 25.625
      vertex 9.997198578805232 -32.69254986940213 25.625
    endloop
  endfacet
  facet normal -0.5479185303493995 -0.44966511695975936 0.7053981618131139
    outer loop
      vertex 32.00280142119477 -35.470401034500135 25.625
      vertex 32.31370849898476 -35.8492424049175 25.625
      vertex 32.501683188576294 -35.13705889468837 26.225
    endloop
  endfacet
  facet normal -0.44966511695976086 -0.5479185303493992 0.7053981618131132
    outer loop
      vertex 32.69254986940213 -36.160149482707496 25.625
      vertex 32.73797256769669 -35.42497833620557 26.225
      vertex 32.31370849898476 -35.8492424049175 25.625
    endloop
  endfacet
  facet normal -0.5479185303494019 -0.44966511695975786 0.705398161813113
    outer loop
      vertex 32.31370849898476 -35.8492424049175 25.625
      vertex 32.73797256769669 -35.42497833620557 26.225
      vertex 32.501683188576294 -35.13705889468837 26.225
    endloop
  endfacet
  facet normal -0.6251157418939617 -0.334131325300464 0.705398161813112
    outer loop
      vertex 32.00280142119477 -35.470401034500135 25.625
      vertex 32.32610434017968 -34.8085739734448 26.225
      vertex 31.771776620672913 -35.03818403286385 25.625
    endloop
  endfacet
  facet normal -0.678290106046487 -0.2057570541928724 0.7053981618131114
    outer loop
      vertex 31.771776620672913 -35.03818403286385 25.625
      vertex 32.21798341918499 -34.45214706378177 26.225
      vertex 31.629512250943055 -34.56920125699145 25.625
    endloop
  endfacet
  facet normal -0.678290106046486 -0.205757054192874 0.7053981618131121
    outer loop
      vertex 31.771776620672913 -35.03818403286385 25.625
      vertex 32.32610434017968 -34.8085739734448 26.225
      vertex 32.21798341918499 -34.45214706378177 26.225
    endloop
  endfacet
  facet normal -0.7053981618131188 -0.06947565488253285 0.7053981618131113
    outer loop
      vertex 31.629512250943055 -34.56920125699145 25.625
      vertex 32.21798341918499 -34.45214706378177 26.225
      vertex 32.18147545195113 -34.08147545195113 26.225
    endloop
  endfacet
  facet normal -0.6251157418939575 -0.33413132530046785 0.705398161813114
    outer loop
      vertex 32.00280142119477 -35.470401034500135 25.625
      vertex 32.501683188576294 -35.13705889468837 26.225
      vertex 32.32610434017968 -34.8085739734448 26.225
    endloop
  endfacet
  facet normal 0 0 1
    outer loop
      vertex 32.32610434017968 -34.8085739734448 26.225
      vertex 32.21798341918499 -33.71080384012049 26.225
      vertex 32.21798341918499 -34.45214706378177 26.225
    endloop
  endfacet
  facet normal 0 0 1
    outer loop
      vertex 32.501683188576294 -35.13705889468837 26.225
      vertex 32.32610434017968 -33.35437693045746 26.225
      vertex 32.32610434017968 -34.8085739734448 26.225
    endloop
  endfacet
  facet normal 0 0 1
    outer loop
      vertex 32.73797256769669 -35.42497833620557 26.225
      vertex 32.501683188576294 -33.025892009213884 26.225
      vertex 32.501683188576294 -35.13705889468837 26.225
    endloop
  endfacet
  facet normal -0.33413132530046274 -0.6251157418939586 0.7053981618131155
    outer loop
      vertex 32.69254986940213 -36.160149482707496 25.625
      vertex 33.1247668710384 -36.39117428322935 25.625
      vertex 33.025892009213884 -35.66126771532596 26.225
    endloop
  endfacet
  facet normal -0.20575705419287132 -0.6782901060464835 0.7053981618131152
    outer loop
      vertex 33.1247668710384 -36.39117428322935 25.625
      vertex 33.59374964691081 -36.533438652959205 25.625
      vertex 33.35437693045746 -35.836846563722574 26.225
    endloop
  endfacet
  facet normal -0.4496651169597569 -0.5479185303494006 0.7053981618131148
    outer loop
      vertex 32.69254986940213 -36.160149482707496 25.625
      vertex 33.025892009213884 -35.66126771532596 26.225
      vertex 32.73797256769669 -35.42497833620557 26.225
    endloop
  endfacet
  facet normal -0.3341313253004614 -0.6251157418939587 0.705398161813116
    outer loop
      vertex 33.1247668710384 -36.39117428322935 25.625
      vertex 33.35437693045746 -35.836846563722574 26.225
      vertex 33.025892009213884 -35.66126771532596 26.225
    endloop
  endfacet
  facet normal -0.06947565488253668 -0.7053981618131157 0.7053981618131141
    outer loop
      vertex 33.59374964691081 -36.533438652959205 25.625
      vertex 34.08147545195113 -36.58147545195113 25.625
      vertex 33.71080384012049 -35.94496748471727 26.225
    endloop
  endfacet
  facet normal -0.20575705419287324 -0.6782901060464835 0.7053981618131147
    outer loop
      vertex 33.35437693045746 -35.836846563722574 26.225
      vertex 33.59374964691081 -36.533438652959205 25.625
      vertex 33.71080384012049 -35.94496748471727 26.225
    endloop
  endfacet
  facet normal -0.06947565488253381 -0.705398161813115 0.705398161813115
    outer loop
      vertex 34.08147545195113 -36.58147545195113 25.625
      vertex 34.08147545195113 -35.98147545195113 26.225
      vertex 33.71080384012049 -35.94496748471727 26.225
    endloop
  endfacet
  facet normal 0 0 1
    outer loop
      vertex 33.025892009213884 -35.66126771532596 26.225
      vertex 33.35437693045746 -35.836846563722574 26.225
      vertex 35.42497833620557 -35.42497833620557 26.225
    endloop
  endfacet
  facet normal 0 0 1
    outer loop
      vertex 32.73797256769669 -35.42497833620557 26.225
      vertex 33.025892009213884 -35.66126771532596 26.225
      vertex 32.73797256769669 -32.73797256769669 26.225
    endloop
  endfacet
  facet normal 0 0 1
    outer loop
      vertex 33.025892009213884 -35.66126771532596 26.225
      vertex 35.42497833620557 -35.42497833620557 26.225
      vertex 32.73797256769669 -32.73797256769669 26.225
    endloop
  endfacet
  facet normal -0.7053981618131147 -0.06947565488254172 0.7053981618131147
    outer loop
      vertex 31.629512250943055 -34.56920125699145 25.625
      vertex 32.18147545195113 -34.08147545195113 26.225
      vertex 31.58147545195113 -34.08147545195113 25.625
    endloop
  endfacet
  facet normal -0.7053981618131147 0.06947565488254172 0.7053981618131147
    outer loop
      vertex 31.58147545195113 -34.08147545195113 25.625
      vertex 32.18147545195113 -34.08147545195113 26.225
      vertex 31.629512250943055 -33.59374964691081 25.625
    endloop
  endfacet
  facet normal -0.7053981618131181 0.06947565488253418 0.7053981618131118
    outer loop
      vertex 31.629512250943055 -33.59374964691081 25.625
      vertex 32.18147545195113 -34.08147545195113 26.225
      vertex 32.21798341918499 -33.71080384012049 26.225
    endloop
  endfacet
  facet normal -0.678290106046486 0.20575705419287207 0.7053981618131128
    outer loop
      vertex 31.629512250943055 -33.59374964691081 25.625
      vertex 32.21798341918499 -33.71080384012049 26.225
      vertex 31.771776620672913 -33.1247668710384 25.625
    endloop
  endfacet
  facet normal -0.6782901060464848 0.2057570541928736 0.7053981618131133
    outer loop
      vertex 32.21798341918499 -33.71080384012049 26.225
      vertex 32.32610434017968 -33.35437693045746 26.225
      vertex 31.771776620672913 -33.1247668710384 25.625
    endloop
  endfacet
  facet normal 0 0 1
    outer loop
      vertex 32.21798341918499 -34.45214706378177 26.225
      vertex 32.21798341918499 -33.71080384012049 26.225
      vertex 32.18147545195113 -34.08147545195113 26.225
    endloop
  endfacet
  facet normal 0 0 1
    outer loop
      vertex 32.32610434017968 -34.8085739734448 26.225
      vertex 32.32610434017968 -33.35437693045746 26.225
      vertex 32.21798341918499 -33.71080384012049 26.225
    endloop
  endfacet
  facet normal 0 0 1
    outer loop
      vertex 32.501683188576294 -35.13705889468837 26.225
      vertex 32.501683188576294 -33.025892009213884 26.225
      vertex 32.32610434017968 -33.35437693045746 26.225
    endloop
  endfacet
  facet normal 0 0 1
    outer loop
      vertex 32.73797256769669 -35.42497833620557 26.225
      vertex 32.73797256769669 -32.73797256769669 26.225
      vertex 32.501683188576294 -33.025892009213884 26.225
    endloop
  endfacet
  facet normal -0.6251157418939578 0.3341313253004675 0.7053981618131138
    outer loop
      vertex 32.32610434017968 -33.35437693045746 26.225
      vertex 32.00280142119477 -32.69254986940213 25.625
      vertex 31.771776620672913 -33.1247668710384 25.625
    endloop
  endfacet
  facet normal -0.6251157418939625 0.33413132530046336 0.7053981618131118
    outer loop
      vertex 32.32610434017968 -33.35437693045746 26.225
      vertex 32.501683188576294 -33.025892009213884 26.225
      vertex 32.00280142119477 -32.69254986940213 25.625
    endloop
  endfacet
  facet normal -0.5479185303494055 0.4496651169597558 0.7053981618131115
    outer loop
      vertex 32.00280142119477 -32.69254986940213 25.625
      vertex 32.501683188576294 -33.025892009213884 26.225
      vertex 32.31370849898476 -32.31370849898476 25.625
    endloop
  endfacet
  facet normal -0.5479185303494019 0.4496651169597579 0.7053981618131131
    outer loop
      vertex 32.501683188576294 -33.025892009213884 26.225
      vertex 32.73797256769669 -32.73797256769669 26.225
      vertex 32.31370849898476 -32.31370849898476 25.625
    endloop
  endfacet
  facet normal 0.0694756548825366 -0.7053981618131148 0.7053981618131148
    outer loop
      vertex 34.08147545195113 -36.58147545195113 25.625
      vertex 34.56920125699145 -36.533438652959205 25.625
      vertex 34.08147545195113 -35.98147545195113 26.225
    endloop
  endfacet
  facet normal 0.06947565488253274 -0.7053981618131168 0.7053981618131133
    outer loop
      vertex 34.08147545195113 -35.98147545195113 26.225
      vertex 34.56920125699145 -36.533438652959205 25.625
      vertex 34.45214706378177 -35.94496748471727 26.225
    endloop
  endfacet
  facet normal 0.20575705419287355 -0.6782901060464847 0.7053981618131135
    outer loop
      vertex 34.56920125699145 -36.533438652959205 25.625
      vertex 34.8085739734448 -35.836846563722574 26.225
      vertex 34.45214706378177 -35.94496748471727 26.225
    endloop
  endfacet
  facet normal 0 0 1
    outer loop
      vertex 33.35437693045746 -35.836846563722574 26.225
      vertex 33.71080384012049 -35.94496748471727 26.225
      vertex 35.42497833620557 -35.42497833620557 26.225
    endloop
  endfacet
  facet normal 0 0 1
    outer loop
      vertex 33.71080384012049 -35.94496748471727 26.225
      vertex 34.08147545195113 -35.98147545195113 26.225
      vertex 35.42497833620557 -35.42497833620557 26.225
    endloop
  endfacet
  facet normal 0 0 1
    outer loop
      vertex 34.08147545195113 -35.98147545195113 26.225
      vertex 34.45214706378177 -35.94496748471727 26.225
      vertex 35.42497833620557 -35.42497833620557 26.225
    endloop
  endfacet
  facet normal 0.20575705419287169 -0.6782901060464847 0.7053981618131141
    outer loop
      vertex 34.56920125699145 -36.533438652959205 25.625
      vertex 35.03818403286385 -36.39117428322935 25.625
      vertex 34.8085739734448 -35.836846563722574 26.225
    endloop
  endfacet
  facet normal 0.3341313253004576 -0.6251157418939592 0.7053981618131171
    outer loop
      vertex 35.03818403286385 -36.39117428322935 25.625
      vertex 35.470401034500135 -36.160149482707496 25.625
      vertex 35.13705889468837 -35.66126771532596 26.225
    endloop
  endfacet
  facet normal 0.3341313253004681 -0.6251157418939577 0.7053981618131135
    outer loop
      vertex 35.03818403286385 -36.39117428322935 25.625
      vertex 35.13705889468837 -35.66126771532596 26.225
      vertex 34.8085739734448 -35.836846563722574 26.225
    endloop
  endfacet
  facet normal 0 0 1
    outer loop
      vertex 34.45214706378177 -35.94496748471727 26.225
      vertex 34.8085739734448 -35.836846563722574 26.225
      vertex 35.42497833620557 -35.42497833620557 26.225
    endloop
  endfacet
  facet normal 0.44966511695975525 -0.5479185303493986 0.7053981618131174
    outer loop
      vertex 35.13705889468837 -35.66126771532596 26.225
      vertex 35.470401034500135 -36.160149482707496 25.625
      vertex 35.42497833620557 -35.42497833620557 26.225
    endloop
  endfacet
  facet normal 0 0 1
    outer loop
      vertex 34.8085739734448 -35.836846563722574 26.225
      vertex 35.13705889468837 -35.66126771532596 26.225
      vertex 35.42497833620557 -35.42497833620557 26.225
    endloop
  endfacet
  facet normal 0.4496651169597657 -0.5479185303493948 0.7053981618131135
    outer loop
      vertex 35.42497833620557 -35.42497833620557 26.225
      vertex 35.470401034500135 -36.160149482707496 25.625
      vertex 35.8492424049175 -35.8492424049175 25.625
    endloop
  endfacet
  facet normal 0.9039892931234434 0.4275550934302818 2.680395220363994e-18
    outer loop
      vertex 6.889259770426319 -28.542347789215963 18.825000000000003
      vertex 6.217927479819412 -27.122934917841437 18.825000000000003
      vertex 6.217927479819412 -27.122934917841437 25.625
    endloop
  endfacet
  facet normal 0.8577286100002717 0.5141027441932223 8.060129854693772e-18
    outer loop
      vertex 7.696486203159276 -29.889123728313635 18.825000000000003
      vertex 6.889259770426319 -28.542347789215963 18.825000000000003
      vertex 6.889259770426319 -28.542347789215963 25.625
    endloop
  endfacet
  facet normal 0.7409511253549589 0.6715589548470184 -6.460629132442392e-19
    outer loop
      vertex 9.686291501015239 -32.31370849898476 18.825000000000003
      vertex 8.631832746196208 -31.150292546618328 18.825000000000003
      vertex 8.631832746196208 -31.150292546618328 25.625
    endloop
  endfacet
  facet normal 0.8032075314806452 0.595699304492433 0
    outer loop
      vertex 7.696486203159276 -29.889123728313635 18.825000000000003
      vertex 7.696486203159276 -29.889123728313635 25.625
      vertex 8.631832746196208 -31.150292546618328 18.825000000000003
    endloop
  endfacet
  facet normal 0.9891765099647809 0.14673047445536255 0
    outer loop
      vertex 5.077044373244849 -22.56827424527297 18.825000000000003
      vertex 5.077044373244849 -22.56827424527297 25.625
      vertex 5.307435513548313 -24.12144515225805 18.825000000000003
    endloop
  endfacet
  facet normal 0.9987954562051724 0.04906767432741756 2.5015246997145845e-19
    outer loop
      vertex 5.077044373244849 -22.56827424527297 18.825000000000003
      vertex 5 -21 18.825000000000003
      vertex 5 -21 25.625
    endloop
  endfacet
  facet normal 0.9987954562051724 -0.04906767432741756 -2.5015246997145845e-19
    outer loop
      vertex 5 -21 18.825000000000003
      vertex 5.077044373244849 -19.43172575472703 18.825000000000003
      vertex 5.077044373244849 -19.43172575472703 25.625
    endloop
  endfacet
  facet normal 0.9891765099647809 -0.14673047445536255 -8.249181505425025e-19
    outer loop
      vertex 5.077044373244849 -19.43172575472703 18.825000000000003
      vertex 5.307435513548313 -17.87855484774195 18.825000000000003
      vertex 5.307435513548313 -17.87855484774195 25.625
    endloop
  endfacet
  facet normal 0.941544065183021 0.3368898533922193 4.169336320383003e-18
    outer loop
      vertex 6.217927479819412 -27.122934917841437 18.825000000000003
      vertex 5.688954628284659 -25.644554836071396 18.825000000000003
      vertex 5.688954628284659 -25.644554836071396 25.625
    endloop
  endfacet
  facet normal 0.9700312531945439 0.24298017990326415 -2.3316114463323233e-18
    outer loop
      vertex 5.688954628284659 -25.644554836071396 18.825000000000003
      vertex 5.307435513548313 -24.12144515225805 18.825000000000003
      vertex 5.307435513548313 -24.12144515225805 25.625
    endloop
  endfacet
  facet normal 0.8577286100002717 0.5141027441932223 0
    outer loop
      vertex 7.696486203159276 -29.889123728313635 18.825000000000003
      vertex 6.889259770426319 -28.542347789215963 25.625
      vertex 7.696486203159276 -29.889123728313635 25.625
    endloop
  endfacet
  facet normal 0.9039892931234434 0.4275550934302818 0
    outer loop
      vertex 6.889259770426319 -28.542347789215963 18.825000000000003
      vertex 6.217927479819412 -27.122934917841437 25.625
      vertex 6.889259770426319 -28.542347789215963 25.625
    endloop
  endfacet
  facet normal 0.8032075314806452 0.595699304492433 0
    outer loop
      vertex 8.631832746196208 -31.150292546618328 18.825000000000003
      vertex 7.696486203159276 -29.889123728313635 25.625
      vertex 8.631832746196208 -31.150292546618328 25.625
    endloop
  endfacet
  facet normal 0.7409511253549589 0.6715589548470184 0
    outer loop
      vertex 9.686291501015239 -32.31370849898476 18.825000000000003
      vertex 8.631832746196208 -31.150292546618328 25.625
      vertex 9.686291501015239 -32.31370849898476 25.625
    endloop
  endfacet
  facet normal 0.9891765099647809 0.14673047445536255 0
    outer loop
      vertex 5.307435513548313 -24.12144515225805 18.825000000000003
      vertex 5.077044373244849 -22.56827424527297 25.625
      vertex 5.307435513548313 -24.12144515225805 25.625
    endloop
  endfacet
  facet normal 0.9987954562051724 0.04906767432741756 0
    outer loop
      vertex 5.077044373244849 -22.56827424527297 18.825000000000003
      vertex 5 -21 25.625
      vertex 5.077044373244849 -22.56827424527297 25.625
    endloop
  endfacet
  facet normal 0.9987954562051724 -0.04906767432741756 0
    outer loop
      vertex 5 -21 18.825000000000003
      vertex 5.077044373244849 -19.43172575472703 25.625
      vertex 5 -21 25.625
    endloop
  endfacet
  facet normal 0.9891765099647809 -0.14673047445536255 0
    outer loop
      vertex 5.077044373244849 -19.43172575472703 18.825000000000003
      vertex 5.307435513548313 -17.87855484774195 25.625
      vertex 5.077044373244849 -19.43172575472703 25.625
    endloop
  endfacet
  facet normal 0.941544065183021 0.3368898533922193 0
    outer loop
      vertex 6.217927479819412 -27.122934917841437 18.825000000000003
      vertex 5.688954628284659 -25.644554836071396 25.625
      vertex 6.217927479819412 -27.122934917841437 25.625
    endloop
  endfacet
  facet normal 0.9700312531945439 0.24298017990326415 0
    outer loop
      vertex 5.688954628284659 -25.644554836071396 18.825000000000003
      vertex 5.307435513548313 -24.12144515225805 25.625
      vertex 5.688954628284659 -25.644554836071396 25.625
    endloop
  endfacet
  facet normal 0.9700312531945439 -0.24298017990326415 2.3316114463323233e-18
    outer loop
      vertex 5.307435513548313 -17.87855484774195 18.825000000000003
      vertex 5.688954628284659 -16.355445163928604 18.825000000000003
      vertex 5.688954628284659 -16.355445163928604 25.625
    endloop
  endfacet
  facet normal 0.941544065183021 -0.3368898533922193 -4.169336320383003e-18
    outer loop
      vertex 5.688954628284659 -16.355445163928604 18.825000000000003
      vertex 6.217927479819412 -14.877065082158563 18.825000000000003
      vertex 6.217927479819412 -14.877065082158563 25.625
    endloop
  endfacet
  facet normal 0.9039892931234434 -0.4275550934302818 -2.680395220363994e-18
    outer loop
      vertex 6.217927479819412 -14.877065082158563 18.825000000000003
      vertex 6.889259770426319 -13.457652210784037 18.825000000000003
      vertex 6.889259770426319 -13.457652210784037 25.625
    endloop
  endfacet
  facet normal 0.8577286100002717 -0.5141027441932223 -8.060129854693772e-18
    outer loop
      vertex 6.889259770426319 -13.457652210784037 18.825000000000003
      vertex 7.696486203159276 -12.110876271686365 18.825000000000003
      vertex 7.696486203159276 -12.110876271686365 25.625
    endloop
  endfacet
  facet normal 0.8032075314806452 -0.595699304492433 5.750500795635992e-18
    outer loop
      vertex 7.696486203159276 -12.110876271686365 18.825000000000003
      vertex 8.631832746196208 -10.849707453381672 18.825000000000003
      vertex 8.631832746196208 -10.849707453381672 25.625
    endloop
  endfacet
  facet normal 0.7409511253549595 -0.671558954847018 9.706383283088489e-18
    outer loop
      vertex 8.631832746196208 -10.849707453381672 18.825000000000003
      vertex 9.686291501015239 -9.686291501015239 18.825000000000003
      vertex 9.686291501015239 -9.686291501015239 25.625
    endloop
  endfacet
  facet normal 0.671558954847018 -0.7409511253549595 0
    outer loop
      vertex 9.686291501015239 -9.686291501015239 18.825000000000003
      vertex 10.849707453381672 -8.631832746196208 18.825000000000003
      vertex 9.686291501015239 -9.686291501015239 25.625
    endloop
  endfacet
  facet normal 0.595699304492433 -0.8032075314806452 0
    outer loop
      vertex 10.849707453381672 -8.631832746196208 18.825000000000003
      vertex 12.110876271686365 -7.696486203159276 18.825000000000003
      vertex 10.849707453381672 -8.631832746196208 25.625
    endloop
  endfacet
  facet normal 0.5141027441932223 -0.8577286100002717 0
    outer loop
      vertex 12.110876271686365 -7.696486203159276 18.825000000000003
      vertex 13.457652210784037 -6.889259770426319 18.825000000000003
      vertex 12.110876271686365 -7.696486203159276 25.625
    endloop
  endfacet
  facet normal 0.4275550934302818 -0.9039892931234434 0
    outer loop
      vertex 13.457652210784037 -6.889259770426319 18.825000000000003
      vertex 14.877065082158563 -6.217927479819412 18.825000000000003
      vertex 13.457652210784037 -6.889259770426319 25.625
    endloop
  endfacet
  facet normal 0.3368898533922193 -0.941544065183021 0
    outer loop
      vertex 14.877065082158563 -6.217927479819412 18.825000000000003
      vertex 16.355445163928604 -5.688954628284659 18.825000000000003
      vertex 14.877065082158563 -6.217927479819412 25.625
    endloop
  endfacet
  facet normal 0.24298017990326415 -0.9700312531945439 0
    outer loop
      vertex 16.355445163928604 -5.688954628284659 18.825000000000003
      vertex 17.87855484774195 -5.307435513548313 18.825000000000003
      vertex 16.355445163928604 -5.688954628284659 25.625
    endloop
  endfacet
  facet normal 0.14673047445536255 -0.9891765099647809 0
    outer loop
      vertex 17.87855484774195 -5.307435513548313 18.825000000000003
      vertex 19.43172575472703 -5.077044373244849 18.825000000000003
      vertex 17.87855484774195 -5.307435513548313 25.625
    endloop
  endfacet
  facet normal 0.04906767432741756 -0.9987954562051724 0
    outer loop
      vertex 19.43172575472703 -5.077044373244849 18.825000000000003
      vertex 21 -5 18.825000000000003
      vertex 19.43172575472703 -5.077044373244849 25.625
    endloop
  endfacet
  facet normal 0.9700312531945439 -0.24298017990326415 0
    outer loop
      vertex 5.307435513548313 -17.87855484774195 18.825000000000003
      vertex 5.688954628284659 -16.355445163928604 25.625
      vertex 5.307435513548313 -17.87855484774195 25.625
    endloop
  endfacet
  facet normal 0.941544065183021 -0.3368898533922193 0
    outer loop
      vertex 5.688954628284659 -16.355445163928604 18.825000000000003
      vertex 6.217927479819412 -14.877065082158563 25.625
      vertex 5.688954628284659 -16.355445163928604 25.625
    endloop
  endfacet
  facet normal 0.9039892931234434 -0.4275550934302818 0
    outer loop
      vertex 6.217927479819412 -14.877065082158563 18.825000000000003
      vertex 6.889259770426319 -13.457652210784037 25.625
      vertex 6.217927479819412 -14.877065082158563 25.625
    endloop
  endfacet
  facet normal 0.8577286100002717 -0.5141027441932223 0
    outer loop
      vertex 6.889259770426319 -13.457652210784037 18.825000000000003
      vertex 7.696486203159276 -12.110876271686365 25.625
      vertex 6.889259770426319 -13.457652210784037 25.625
    endloop
  endfacet
  facet normal 0.8032075314806452 -0.595699304492433 0
    outer loop
      vertex 7.696486203159276 -12.110876271686365 18.825000000000003
      vertex 8.631832746196208 -10.849707453381672 25.625
      vertex 7.696486203159276 -12.110876271686365 25.625
    endloop
  endfacet
  facet normal 0.7409511253549595 -0.671558954847018 0
    outer loop
      vertex 8.631832746196208 -10.849707453381672 18.825000000000003
      vertex 9.686291501015239 -9.686291501015239 25.625
      vertex 8.631832746196208 -10.849707453381672 25.625
    endloop
  endfacet
  facet normal 0.671558954847018 -0.7409511253549595 0
    outer loop
      vertex 10.849707453381672 -8.631832746196208 18.825000000000003
      vertex 10.849707453381672 -8.631832746196208 25.625
      vertex 9.686291501015239 -9.686291501015239 25.625
    endloop
  endfacet
  facet normal 0.595699304492433 -0.8032075314806452 0
    outer loop
      vertex 12.110876271686365 -7.696486203159276 18.825000000000003
      vertex 12.110876271686365 -7.696486203159276 25.625
      vertex 10.849707453381672 -8.631832746196208 25.625
    endloop
  endfacet
  facet normal 0.5141027441932223 -0.8577286100002717 0
    outer loop
      vertex 13.457652210784037 -6.889259770426319 18.825000000000003
      vertex 13.457652210784037 -6.889259770426319 25.625
      vertex 12.110876271686365 -7.696486203159276 25.625
    endloop
  endfacet
  facet normal 0.4275550934302818 -0.9039892931234434 0
    outer loop
      vertex 14.877065082158563 -6.217927479819412 18.825000000000003
      vertex 14.877065082158563 -6.217927479819412 25.625
      vertex 13.457652210784037 -6.889259770426319 25.625
    endloop
  endfacet
  facet normal 0.3368898533922193 -0.941544065183021 0
    outer loop
      vertex 16.355445163928604 -5.688954628284659 18.825000000000003
      vertex 16.355445163928604 -5.688954628284659 25.625
      vertex 14.877065082158563 -6.217927479819412 25.625
    endloop
  endfacet
  facet normal 0.24298017990326415 -0.9700312531945439 0
    outer loop
      vertex 17.87855484774195 -5.307435513548313 18.825000000000003
      vertex 17.87855484774195 -5.307435513548313 25.625
      vertex 16.355445163928604 -5.688954628284659 25.625
    endloop
  endfacet
  facet normal 0.14673047445536255 -0.9891765099647809 0
    outer loop
      vertex 19.43172575472703 -5.077044373244849 18.825000000000003
      vertex 19.43172575472703 -5.077044373244849 25.625
      vertex 17.87855484774195 -5.307435513548313 25.625
    endloop
  endfacet
  facet normal 0.04906767432741756 -0.9987954562051724 -2.5015246997145845e-19
    outer loop
      vertex 19.43172575472703 -5.077044373244849 25.625
      vertex 21 -5 18.825000000000003
      vertex 21 -5 25.625
    endloop
  endfacet
  facet normal -0.7409511253549589 0.6715589548470184 0
    outer loop
      vertex 32.31370849898476 -32.31370849898476 18.825000000000003
      vertex 32.31370849898476 -32.31370849898476 25.625
      vertex 33.36816725380379 -31.150292546618328 18.825000000000003
    endloop
  endfacet
  facet normal -0.803207531480644 0.5956993044924345 0
    outer loop
      vertex 33.36816725380379 -31.150292546618328 18.825000000000003
      vertex 33.36816725380379 -31.150292546618328 25.625
      vertex 34.303513796840726 -29.889123728313635 18.825000000000003
    endloop
  endfacet
  facet normal -0.8577286100002727 0.5141027441932207 0
    outer loop
      vertex 34.303513796840726 -29.889123728313635 18.825000000000003
      vertex 34.303513796840726 -29.889123728313635 25.625
      vertex 35.11074022957368 -28.542347789215963 18.825000000000003
    endloop
  endfacet
  facet normal -0.9039892931234422 0.42755509343028464 0
    outer loop
      vertex 35.11074022957368 -28.542347789215963 18.825000000000003
      vertex 35.11074022957368 -28.542347789215963 25.625
      vertex 35.78207252018059 -27.122934917841437 18.825000000000003
    endloop
  endfacet
  facet normal -0.9415440651830226 0.33688985339221533 0
    outer loop
      vertex 35.78207252018059 -27.122934917841437 18.825000000000003
      vertex 35.78207252018059 -27.122934917841437 25.625
      vertex 36.31104537171534 -25.644554836071396 18.825000000000003
    endloop
  endfacet
  facet normal -0.9700312531945434 0.24298017990326629 0
    outer loop
      vertex 36.31104537171534 -25.644554836071396 18.825000000000003
      vertex 36.31104537171534 -25.644554836071396 25.625
      vertex 36.69256448645169 -24.12144515225805 18.825000000000003
    endloop
  endfacet
  facet normal -0.9891765099647806 0.14673047445536477 0
    outer loop
      vertex 36.69256448645169 -24.12144515225805 18.825000000000003
      vertex 36.69256448645169 -24.12144515225805 25.625
      vertex 36.922955626755154 -22.56827424527297 18.825000000000003
    endloop
  endfacet
  facet normal -0.9987954562051725 0.0490676743274153 0
    outer loop
      vertex 36.922955626755154 -22.56827424527297 18.825000000000003
      vertex 36.922955626755154 -22.56827424527297 25.625
      vertex 37 -21 18.825000000000003
    endloop
  endfacet
  facet normal -0.9987954562051725 -0.0490676743274153 0
    outer loop
      vertex 37 -21 18.825000000000003
      vertex 37 -21 25.625
      vertex 36.922955626755154 -19.43172575472703 18.825000000000003
    endloop
  endfacet
  facet normal -0.9891765099647806 -0.14673047445536477 0
    outer loop
      vertex 36.922955626755154 -19.43172575472703 18.825000000000003
      vertex 36.922955626755154 -19.43172575472703 25.625
      vertex 36.69256448645169 -17.87855484774195 18.825000000000003
    endloop
  endfacet
  facet normal -0.7409511253549589 0.6715589548470184 0
    outer loop
      vertex 33.36816725380379 -31.150292546618328 18.825000000000003
      vertex 32.31370849898476 -32.31370849898476 25.625
      vertex 33.36816725380379 -31.150292546618328 25.625
    endloop
  endfacet
  facet normal -0.803207531480644 0.5956993044924345 0
    outer loop
      vertex 34.303513796840726 -29.889123728313635 18.825000000000003
      vertex 33.36816725380379 -31.150292546618328 25.625
      vertex 34.303513796840726 -29.889123728313635 25.625
    endloop
  endfacet
  facet normal -0.8577286100002727 0.5141027441932207 0
    outer loop
      vertex 35.11074022957368 -28.542347789215963 18.825000000000003
      vertex 34.303513796840726 -29.889123728313635 25.625
      vertex 35.11074022957368 -28.542347789215963 25.625
    endloop
  endfacet
  facet normal -0.9039892931234422 0.42755509343028464 0
    outer loop
      vertex 35.78207252018059 -27.122934917841437 18.825000000000003
      vertex 35.11074022957368 -28.542347789215963 25.625
      vertex 35.78207252018059 -27.122934917841437 25.625
    endloop
  endfacet
  facet normal -0.9415440651830226 0.33688985339221533 0
    outer loop
      vertex 36.31104537171534 -25.644554836071396 18.825000000000003
      vertex 35.78207252018059 -27.122934917841437 25.625
      vertex 36.31104537171534 -25.644554836071396 25.625
    endloop
  endfacet
  facet normal -0.9700312531945434 0.24298017990326629 0
    outer loop
      vertex 36.69256448645169 -24.12144515225805 18.825000000000003
      vertex 36.31104537171534 -25.644554836071396 25.625
      vertex 36.69256448645169 -24.12144515225805 25.625
    endloop
  endfacet
  facet normal -0.9891765099647806 0.14673047445536477 0
    outer loop
      vertex 36.922955626755154 -22.56827424527297 18.825000000000003
      vertex 36.69256448645169 -24.12144515225805 25.625
      vertex 36.922955626755154 -22.56827424527297 25.625
    endloop
  endfacet
  facet normal -0.9987954562051725 0.0490676743274153 0
    outer loop
      vertex 37 -21 18.825000000000003
      vertex 36.922955626755154 -22.56827424527297 25.625
      vertex 37 -21 25.625
    endloop
  endfacet
  facet normal -0.9987954562051725 -0.0490676743274153 0
    outer loop
      vertex 36.922955626755154 -19.43172575472703 18.825000000000003
      vertex 37 -21 25.625
      vertex 36.922955626755154 -19.43172575472703 25.625
    endloop
  endfacet
  facet normal -0.9891765099647806 -0.14673047445536477 -1.2699859468106807e-18
    outer loop
      vertex 36.922955626755154 -19.43172575472703 25.625
      vertex 36.69256448645169 -17.87855484774195 25.625
      vertex 36.69256448645169 -17.87855484774195 18.825000000000003
    endloop
  endfacet
  facet normal -0.04906767432741756 -0.9987954562051724 0
    outer loop
      vertex 21 -5 18.825000000000003
      vertex 22.56827424527297 -5.077044373244849 18.825000000000003
      vertex 21 -5 25.625
    endloop
  endfacet
  facet normal -0.14673047445536255 -0.9891765099647809 0
    outer loop
      vertex 22.56827424527297 -5.077044373244849 18.825000000000003
      vertex 24.12144515225805 -5.307435513548313 18.825000000000003
      vertex 22.56827424527297 -5.077044373244849 25.625
    endloop
  endfacet
  facet normal -0.24298017990326415 -0.9700312531945439 0
    outer loop
      vertex 24.12144515225805 -5.307435513548313 18.825000000000003
      vertex 25.644554836071396 -5.688954628284659 18.825000000000003
      vertex 24.12144515225805 -5.307435513548313 25.625
    endloop
  endfacet
  facet normal -0.3368898533922193 -0.941544065183021 0
    outer loop
      vertex 25.644554836071396 -5.688954628284659 18.825000000000003
      vertex 27.122934917841437 -6.217927479819412 18.825000000000003
      vertex 25.644554836071396 -5.688954628284659 25.625
    endloop
  endfacet
  facet normal -0.4275550934302818 -0.9039892931234434 2.680395220363994e-18
    outer loop
      vertex 28.542347789215963 -6.889259770426319 18.825000000000003
      vertex 27.122934917841437 -6.217927479819412 25.625
      vertex 27.122934917841437 -6.217927479819412 18.825000000000003
    endloop
  endfacet
  facet normal -0.5141027441932223 -0.8577286100002717 0
    outer loop
      vertex 28.542347789215963 -6.889259770426319 18.825000000000003
      vertex 29.889123728313635 -7.696486203159276 18.825000000000003
      vertex 28.542347789215963 -6.889259770426319 25.625
    endloop
  endfacet
  facet normal -0.595699304492433 -0.8032075314806452 0
    outer loop
      vertex 29.889123728313635 -7.696486203159276 18.825000000000003
      vertex 31.150292546618328 -8.631832746196208 18.825000000000003
      vertex 29.889123728313635 -7.696486203159276 25.625
    endloop
  endfacet
  facet normal -0.9700312531945434 -0.24298017990326629 0
    outer loop
      vertex 36.69256448645169 -17.87855484774195 18.825000000000003
      vertex 36.69256448645169 -17.87855484774195 25.625
      vertex 36.31104537171534 -16.355445163928604 18.825000000000003
    endloop
  endfacet
  facet normal -0.9415440651830226 -0.33688985339221533 0
    outer loop
      vertex 36.31104537171534 -16.355445163928604 18.825000000000003
      vertex 36.31104537171534 -16.355445163928604 25.625
      vertex 35.78207252018059 -14.877065082158563 18.825000000000003
    endloop
  endfacet
  facet normal -0.9039892931234422 -0.42755509343028464 0
    outer loop
      vertex 35.78207252018059 -14.877065082158563 18.825000000000003
      vertex 35.78207252018059 -14.877065082158563 25.625
      vertex 35.11074022957368 -13.457652210784037 18.825000000000003
    endloop
  endfacet
  facet normal -0.803207531480644 -0.5956993044924345 -9.466820506924599e-18
    outer loop
      vertex 33.36816725380379 -10.849707453381672 18.825000000000003
      vertex 34.303513796840726 -12.110876271686365 18.825000000000003
      vertex 34.303513796840726 -12.110876271686365 25.625
    endloop
  endfacet
  facet normal -0.7409511253549595 -0.671558954847018 -9.706383283088489e-18
    outer loop
      vertex 32.31370849898476 -9.686291501015239 18.825000000000003
      vertex 33.36816725380379 -10.849707453381672 18.825000000000003
      vertex 33.36816725380379 -10.849707453381672 25.625
    endloop
  endfacet
  facet normal -0.8577286100002727 -0.5141027441932207 0
    outer loop
      vertex 35.11074022957368 -13.457652210784037 18.825000000000003
      vertex 35.11074022957368 -13.457652210784037 25.625
      vertex 34.303513796840726 -12.110876271686365 18.825000000000003
    endloop
  endfacet
  facet normal -0.6715589548470184 -0.7409511253549589 0
    outer loop
      vertex 31.150292546618328 -8.631832746196208 18.825000000000003
      vertex 32.31370849898476 -9.686291501015239 18.825000000000003
      vertex 31.150292546618328 -8.631832746196208 25.625
    endloop
  endfacet
  facet normal -0.04906767432741756 -0.9987954562051724 0
    outer loop
      vertex 22.56827424527297 -5.077044373244849 18.825000000000003
      vertex 22.56827424527297 -5.077044373244849 25.625
      vertex 21 -5 25.625
    endloop
  endfacet
  facet normal -0.14673047445536255 -0.9891765099647809 0
    outer loop
      vertex 24.12144515225805 -5.307435513548313 18.825000000000003
      vertex 24.12144515225805 -5.307435513548313 25.625
      vertex 22.56827424527297 -5.077044373244849 25.625
    endloop
  endfacet
  facet normal -0.24298017990326415 -0.9700312531945439 0
    outer loop
      vertex 25.644554836071396 -5.688954628284659 18.825000000000003
      vertex 25.644554836071396 -5.688954628284659 25.625
      vertex 24.12144515225805 -5.307435513548313 25.625
    endloop
  endfacet
  facet normal -0.3368898533922193 -0.941544065183021 0
    outer loop
      vertex 27.122934917841437 -6.217927479819412 18.825000000000003
      vertex 27.122934917841437 -6.217927479819412 25.625
      vertex 25.644554836071396 -5.688954628284659 25.625
    endloop
  endfacet
  facet normal -0.4275550934302818 -0.9039892931234434 0
    outer loop
      vertex 28.542347789215963 -6.889259770426319 18.825000000000003
      vertex 28.542347789215963 -6.889259770426319 25.625
      vertex 27.122934917841437 -6.217927479819412 25.625
    endloop
  endfacet
  facet normal -0.5141027441932223 -0.8577286100002717 0
    outer loop
      vertex 29.889123728313635 -7.696486203159276 18.825000000000003
      vertex 29.889123728313635 -7.696486203159276 25.625
      vertex 28.542347789215963 -6.889259770426319 25.625
    endloop
  endfacet
  facet normal -0.595699304492433 -0.8032075314806452 0
    outer loop
      vertex 31.150292546618328 -8.631832746196208 18.825000000000003
      vertex 31.150292546618328 -8.631832746196208 25.625
      vertex 29.889123728313635 -7.696486203159276 25.625
    endloop
  endfacet
  facet normal -0.9700312531945434 -0.24298017990326629 0
    outer loop
      vertex 36.31104537171534 -16.355445163928604 18.825000000000003
      vertex 36.69256448645169 -17.87855484774195 25.625
      vertex 36.31104537171534 -16.355445163928604 25.625
    endloop
  endfacet
  facet normal -0.9039892931234422 -0.42755509343028464 0
    outer loop
      vertex 35.11074022957368 -13.457652210784037 18.825000000000003
      vertex 35.78207252018059 -14.877065082158563 25.625
      vertex 35.11074022957368 -13.457652210784037 25.625
    endloop
  endfacet
  facet normal -0.9415440651830226 -0.33688985339221533 0
    outer loop
      vertex 35.78207252018059 -14.877065082158563 18.825000000000003
      vertex 36.31104537171534 -16.355445163928604 25.625
      vertex 35.78207252018059 -14.877065082158563 25.625
    endloop
  endfacet
  facet normal -0.6715589548470184 -0.7409511253549589 0
    outer loop
      vertex 32.31370849898476 -9.686291501015239 18.825000000000003
      vertex 32.31370849898476 -9.686291501015239 25.625
      vertex 31.150292546618328 -8.631832746196208 25.625
    endloop
  endfacet
  facet normal -0.7409511253549595 -0.671558954847018 0
    outer loop
      vertex 32.31370849898476 -9.686291501015239 18.825000000000003
      vertex 33.36816725380379 -10.849707453381672 25.625
      vertex 32.31370849898476 -9.686291501015239 25.625
    endloop
  endfacet
  facet normal -0.803207531480644 -0.5956993044924345 0
    outer loop
      vertex 33.36816725380379 -10.849707453381672 18.825000000000003
      vertex 34.303513796840726 -12.110876271686365 25.625
      vertex 33.36816725380379 -10.849707453381672 25.625
    endloop
  endfacet
  facet normal -0.8577286100002727 -0.5141027441932207 0
    outer loop
      vertex 34.303513796840726 -12.110876271686365 18.825000000000003
      vertex 35.11074022957368 -13.457652210784037 25.625
      vertex 34.303513796840726 -12.110876271686365 25.625
    endloop
  endfacet
  facet normal 0.5242472094901067 0.4751499741875463 -0.7066805256772045
    outer loop
      vertex 9.26202743230331 -32.73797256769669 18.225
      vertex 8.631832746196208 -31.150292546618328 18.825000000000003
      vertex 9.686291501015239 -32.31370849898476 18.825000000000003
    endloop
  endfacet
  facet normal 0.5682956575826015 0.42147678489016166 -0.7066805256772053
    outer loop
      vertex 7.197604435777748 -30.222465868125397 18.225
      vertex 7.696486203159276 -29.889123728313635 18.825000000000003
      vertex 8.168026474178564 -31.530928517116514 18.225
    endloop
  endfacet
  facet normal 0.6396020575606345 0.30250924381379235 -0.7066805256772047
    outer loop
      vertex 6.3601070118173055 -28.82518583131156 18.225
      vertex 6.217927479819412 -27.122934917841437 18.825000000000003
      vertex 6.889259770426319 -28.542347789215963 18.825000000000003
    endloop
  endfacet
  facet normal 0.6396020575606336 0.30250924381379257 -0.7066805256772054
    outer loop
      vertex 6.3601070118173055 -28.82518583131156 18.225
      vertex 5.663599760312639 -27.352544977260493 18.225
      vertex 6.217927479819412 -27.122934917841437 18.825000000000003
    endloop
  endfacet
  facet normal 0.606871107830569 0.3637445437516386 -0.7066805256772046
    outer loop
      vertex 7.197604435777748 -30.222465868125397 18.225
      vertex 6.3601070118173055 -28.82518583131156 18.225
      vertex 6.889259770426319 -28.542347789215963 18.825000000000003
    endloop
  endfacet
  facet normal 0.6068711078305682 0.36374454375163867 -0.7066805256772052
    outer loop
      vertex 7.197604435777748 -30.222465868125397 18.225
      vertex 6.889259770426319 -28.542347789215963 18.825000000000003
      vertex 7.696486203159276 -29.889123728313635 18.825000000000003
    endloop
  endfacet
  facet normal 0.5242472094901063 0.4751499741875463 -0.706680525677205
    outer loop
      vertex 9.26202743230331 -32.73797256769669 18.225
      vertex 8.168026474178564 -31.530928517116514 18.225
      vertex 8.631832746196208 -31.150292546618328 18.825000000000003
    endloop
  endfacet
  facet normal 0.5682956575826016 0.4214767848901616 -0.7066805256772051
    outer loop
      vertex 7.696486203159276 -29.889123728313635 18.825000000000003
      vertex 8.631832746196208 -31.150292546618328 18.825000000000003
      vertex 8.168026474178564 -31.530928517116514 18.225
    endloop
  endfacet
  facet normal 0.6863289091595786 0.17191644214679655 -0.7066805256772045
    outer loop
      vertex 5.114790426845332 -25.818725642424077 18.225
      vertex 4.718964345306375 -24.23849934546773 18.225
      vertex 5.307435513548313 -24.12144515225805 18.825000000000003
    endloop
  endfacet
  facet normal 0.6998748059040634 0.10381662048698906 -0.7066805256772044
    outer loop
      vertex 4.718964345306375 -24.23849934546773 18.225
      vertex 5.077044373244849 -22.56827424527297 18.825000000000003
      vertex 5.307435513548313 -24.12144515225805 18.825000000000003
    endloop
  endfacet
  facet normal 0.6998748059040618 0.10381662048698995 -0.706680525677206
    outer loop
      vertex 4.718964345306375 -24.23849934546773 18.225
      vertex 4.4799335372415285 -22.627084529470707 18.225
      vertex 5.077044373244849 -22.56827424527297 18.825000000000003
    endloop
  endfacet
  facet normal 0.7066805256772049 0.03471698801995186 -0.7066805256772061
    outer loop
      vertex 4.4799335372415285 -22.627084529470707 18.225
      vertex 5 -21 18.825000000000003
      vertex 5.077044373244849 -22.56827424527297 18.825000000000003
    endloop
  endfacet
  facet normal 0.7066805256772053 0.034716988019951434 -0.7066805256772053
    outer loop
      vertex 4.4799335372415285 -22.627084529470707 18.225
      vertex 4.399999999999999 -21 18.225
      vertex 5 -21 18.825000000000003
    endloop
  endfacet
  facet normal 0.7066805256772053 -0.03471698801995123 -0.7066805256772053
    outer loop
      vertex 4.399999999999999 -21 18.225
      vertex 4.429476109861678 -20.4 18.225
      vertex 5 -21 18.825000000000003
    endloop
  endfacet
  facet normal 0.7066805256772052 -0.03471698801995152 -0.7066805256772054
    outer loop
      vertex 5 -21 18.825000000000003
      vertex 4.429476109861678 -20.4 18.225
      vertex 4.4799335372415285 -19.372915470529293 18.225
    endloop
  endfacet
  facet normal 0.7066805256772049 -0.034716988019951864 -0.7066805256772061
    outer loop
      vertex 5 -21 18.825000000000003
      vertex 4.4799335372415285 -19.372915470529293 18.225
      vertex 5.077044373244849 -19.43172575472703 18.825000000000003
    endloop
  endfacet
  facet normal 0.6998748059040618 -0.10381662048698995 -0.7066805256772061
    outer loop
      vertex 4.4799335372415285 -19.372915470529293 18.225
      vertex 4.718964345306375 -17.76150065453227 18.225
      vertex 5.077044373244849 -19.43172575472703 18.825000000000003
    endloop
  endfacet
  facet normal 0.6998748059040634 -0.10381662048698906 -0.7066805256772044
    outer loop
      vertex 5.077044373244849 -19.43172575472703 18.825000000000003
      vertex 4.718964345306375 -17.76150065453227 18.225
      vertex 5.307435513548313 -17.87855484774195 18.825000000000003
    endloop
  endfacet
  facet normal 0.66617328983434 0.238360614489645 -0.7066805256772054
    outer loop
      vertex 5.663599760312639 -27.352544977260493 18.225
      vertex 5.688954628284659 -25.644554836071396 18.825000000000003
      vertex 6.217927479819412 -27.122934917841437 18.825000000000003
    endloop
  endfacet
  facet normal 0.666173289834339 0.23836061448964524 -0.7066805256772062
    outer loop
      vertex 5.114790426845332 -25.818725642424077 18.225
      vertex 5.688954628284659 -25.644554836071396 18.825000000000003
      vertex 5.663599760312639 -27.352544977260493 18.225
    endloop
  endfacet
  facet normal 0.6863289091595769 0.17191644214679724 -0.706680525677206
    outer loop
      vertex 5.114790426845332 -25.818725642424077 18.225
      vertex 5.307435513548313 -24.12144515225805 18.825000000000003
      vertex 5.688954628284659 -25.644554836071396 18.825000000000003
    endloop
  endfacet
  facet normal 0.6863289091595786 -0.17191644214679655 -0.7066805256772046
    outer loop
      vertex 4.718964345306375 -17.76150065453227 18.225
      vertex 5.114790426845332 -16.181274357575923 18.225
      vertex 5.307435513548313 -17.87855484774195 18.825000000000003
    endloop
  endfacet
  facet normal 0.6863289091595769 -0.17191644214679722 -0.7066805256772061
    outer loop
      vertex 5.114790426845332 -16.181274357575923 18.225
      vertex 5.688954628284659 -16.355445163928604 18.825000000000003
      vertex 5.307435513548313 -17.87855484774195 18.825000000000003
    endloop
  endfacet
  facet normal 0.6661732898343389 -0.23836061448964546 -0.7066805256772061
    outer loop
      vertex 5.114790426845332 -16.181274357575923 18.225
      vertex 5.663599760312639 -14.647455022739509 18.225
      vertex 5.688954628284659 -16.355445163928604 18.825000000000003
    endloop
  endfacet
  facet normal 0.6661732898343403 -0.2383606144896451 -0.7066805256772051
    outer loop
      vertex 5.688954628284659 -16.355445163928604 18.825000000000003
      vertex 5.663599760312639 -14.647455022739509 18.225
      vertex 6.217927479819412 -14.877065082158563 18.825000000000003
    endloop
  endfacet
  facet normal 0.639602057560634 -0.30250924381379246 -0.7066805256772051
    outer loop
      vertex 6.217927479819412 -14.877065082158563 18.825000000000003
      vertex 5.663599760312639 -14.647455022739509 18.225
      vertex 6.3601070118173055 -13.174814168688439 18.225
    endloop
  endfacet
  facet normal 0.6396020575606345 -0.30250924381379235 -0.7066805256772047
    outer loop
      vertex 6.217927479819412 -14.877065082158563 18.825000000000003
      vertex 6.3601070118173055 -13.174814168688439 18.225
      vertex 6.889259770426319 -13.457652210784037 18.825000000000003
    endloop
  endfacet
  facet normal 0.606871107830569 -0.3637445437516386 -0.7066805256772046
    outer loop
      vertex 6.3601070118173055 -13.174814168688439 18.225
      vertex 7.197604435777748 -11.777534131874603 18.225
      vertex 6.889259770426319 -13.457652210784037 18.825000000000003
    endloop
  endfacet
  facet normal 0.6068711078305682 -0.36374454375163867 -0.7066805256772053
    outer loop
      vertex 6.889259770426319 -13.457652210784037 18.825000000000003
      vertex 7.197604435777748 -11.777534131874603 18.225
      vertex 7.696486203159276 -12.110876271686365 18.825000000000003
    endloop
  endfacet
  facet normal 0.5682956575826017 -0.42147678489016127 -0.7066805256772052
    outer loop
      vertex 7.197604435777748 -11.777534131874603 18.225
      vertex 8.168026474178564 -10.469071482883484 18.225
      vertex 7.696486203159276 -12.110876271686365 18.825000000000003
    endloop
  endfacet
  facet normal 0.5682956575826011 -0.42147678489016127 -0.7066805256772056
    outer loop
      vertex 7.696486203159276 -12.110876271686365 18.825000000000003
      vertex 8.168026474178564 -10.469071482883484 18.225
      vertex 8.631832746196208 -10.849707453381672 18.825000000000003
    endloop
  endfacet
  facet normal 0.5242472094901062 -0.4751499741875454 -0.7066805256772056
    outer loop
      vertex 8.168026474178564 -10.469071482883484 18.225
      vertex 9.26202743230331 -9.26202743230331 18.225
      vertex 8.631832746196208 -10.849707453381672 18.825000000000003
    endloop
  endfacet
  facet normal 0.5242472094901066 -0.4751499741875454 -0.7066805256772052
    outer loop
      vertex 8.631832746196208 -10.849707453381672 18.825000000000003
      vertex 9.26202743230331 -9.26202743230331 18.225
      vertex 9.686291501015239 -9.686291501015239 18.825000000000003
    endloop
  endfacet
  facet normal 0.4751499741875457 -0.5242472094901065 -0.7066805256772053
    outer loop
      vertex 9.26202743230331 -9.26202743230331 18.225
      vertex 10.469071482883484 -8.168026474178564 18.225
      vertex 9.686291501015239 -9.686291501015239 18.825000000000003
    endloop
  endfacet
  facet normal 0.4751499741875452 -0.5242472094901064 -0.7066805256772056
    outer loop
      vertex 9.686291501015239 -9.686291501015239 18.825000000000003
      vertex 10.469071482883484 -8.168026474178564 18.225
      vertex 10.849707453381672 -8.631832746196208 18.825000000000003
    endloop
  endfacet
  facet normal 0.421476784890161 -0.5682956575826014 -0.7066805256772056
    outer loop
      vertex 10.469071482883484 -8.168026474178564 18.225
      vertex 11.777534131874603 -7.197604435777748 18.225
      vertex 10.849707453381672 -8.631832746196208 18.825000000000003
    endloop
  endfacet
  facet normal 0.42147678489016155 -0.5682956575826015 -0.7066805256772053
    outer loop
      vertex 10.849707453381672 -8.631832746196208 18.825000000000003
      vertex 11.777534131874603 -7.197604435777748 18.225
      vertex 12.110876271686365 -7.696486203159276 18.825000000000003
    endloop
  endfacet
  facet normal 0.36374454375163834 -0.6068711078305684 -0.7066805256772052
    outer loop
      vertex 11.777534131874603 -7.197604435777748 18.225
      vertex 13.174814168688439 -6.3601070118173055 18.225
      vertex 12.110876271686365 -7.696486203159276 18.825000000000003
    endloop
  endfacet
  facet normal 0.36374454375163895 -0.6068711078305687 -0.7066805256772046
    outer loop
      vertex 12.110876271686365 -7.696486203159276 18.825000000000003
      vertex 13.174814168688439 -6.3601070118173055 18.225
      vertex 13.457652210784037 -6.889259770426319 18.825000000000003
    endloop
  endfacet
  facet normal 0.30250924381379257 -0.6396020575606344 -0.7066805256772047
    outer loop
      vertex 13.457652210784037 -6.889259770426319 18.825000000000003
      vertex 13.174814168688439 -6.3601070118173055 18.225
      vertex 14.647455022739509 -5.663599760312639 18.225
    endloop
  endfacet
  facet normal 0.30250924381379224 -0.6396020575606342 -0.706680525677205
    outer loop
      vertex 13.457652210784037 -6.889259770426319 18.825000000000003
      vertex 14.647455022739509 -5.663599760312639 18.225
      vertex 14.877065082158563 -6.217927479819412 18.825000000000003
    endloop
  endfacet
  facet normal 0.23836061448964585 -0.66617328983434 -0.706680525677205
    outer loop
      vertex 14.877065082158563 -6.217927479819412 18.825000000000003
      vertex 14.647455022739509 -5.663599760312639 18.225
      vertex 16.181274357575923 -5.114790426845332 18.225
    endloop
  endfacet
  facet normal 0.2383606144896447 -0.6661732898343392 -0.7066805256772062
    outer loop
      vertex 14.877065082158563 -6.217927479819412 18.825000000000003
      vertex 16.181274357575923 -5.114790426845332 18.225
      vertex 16.355445163928604 -5.688954628284659 18.825000000000003
    endloop
  endfacet
  facet normal 0.17191644214679616 -0.6863289091595772 -0.706680525677206
    outer loop
      vertex 16.355445163928604 -5.688954628284659 18.825000000000003
      vertex 16.181274357575923 -5.114790426845332 18.225
      vertex 17.76150065453227 -4.718964345306375 18.225
    endloop
  endfacet
  facet normal 0.17191644214679758 -0.6863289091595783 -0.7066805256772045
    outer loop
      vertex 16.355445163928604 -5.688954628284659 18.825000000000003
      vertex 17.76150065453227 -4.718964345306375 18.225
      vertex 17.87855484774195 -5.307435513548313 18.825000000000003
    endloop
  endfacet
  facet normal 0.10381662048699015 -0.6998748059040634 -0.7066805256772045
    outer loop
      vertex 17.87855484774195 -5.307435513548313 18.825000000000003
      vertex 17.76150065453227 -4.718964345306375 18.225
      vertex 19.372915470529293 -4.4799335372415285 18.225
    endloop
  endfacet
  facet normal 0.10381662048698882 -0.6998748059040619 -0.706680525677206
    outer loop
      vertex 17.87855484774195 -5.307435513548313 18.825000000000003
      vertex 19.372915470529293 -4.4799335372415285 18.225
      vertex 19.43172575472703 -5.077044373244849 18.825000000000003
    endloop
  endfacet
  facet normal 0.03471698801995142 -0.7066805256772049 -0.7066805256772059
    outer loop
      vertex 19.43172575472703 -5.077044373244849 18.825000000000003
      vertex 19.372915470529293 -4.4799335372415285 18.225
      vertex 20.400000000000002 -4.429476109861678 18.225
    endloop
  endfacet
  facet normal 0.03471698801995137 -0.7066805256772046 -0.706680525677206
    outer loop
      vertex 19.43172575472703 -5.077044373244849 18.825000000000003
      vertex 20.400000000000002 -4.429476109861678 18.225
      vertex 21 -4.399999999999999 18.225
    endloop
  endfacet
  facet normal 0.034716988019951885 -0.7066805256772053 -0.7066805256772054
    outer loop
      vertex 19.43172575472703 -5.077044373244849 18.825000000000003
      vertex 21 -4.399999999999999 18.225
      vertex 21 -5 18.825000000000003
    endloop
  endfacet
  facet normal -0.5242472094901074 0.47514997418754684 -0.7066805256772039
    outer loop
      vertex 32.73797256769669 -32.73797256769669 18.225
      vertex 32.31370849898476 -32.31370849898476 18.825000000000003
      vertex 33.36816725380379 -31.150292546618328 18.825000000000003
    endloop
  endfacet
  facet normal -0.5242472094901031 0.4751499741875464 -0.7066805256772072
    outer loop
      vertex 32.73797256769669 -32.73797256769669 18.225
      vertex 33.36816725380379 -31.150292546618328 18.825000000000003
      vertex 33.83197352582144 -31.530928517116514 18.225
    endloop
  endfacet
  facet normal -0.5682956575825988 0.42147678489016116 -0.7066805256772076
    outer loop
      vertex 33.36816725380379 -31.150292546618328 18.825000000000003
      vertex 34.303513796840726 -29.889123728313635 18.825000000000003
      vertex 33.83197352582144 -31.530928517116514 18.225
    endloop
  endfacet
  facet normal -0.5682956575826028 0.42147678489016116 -0.7066805256772044
    outer loop
      vertex 33.83197352582144 -31.530928517116514 18.225
      vertex 34.303513796840726 -29.889123728313635 18.825000000000003
      vertex 34.80239556422225 -30.222465868125397 18.225
    endloop
  endfacet
  facet normal -0.6068711078305697 0.36374454375163795 -0.7066805256772043
    outer loop
      vertex 34.303513796840726 -29.889123728313635 18.825000000000003
      vertex 35.11074022957368 -28.542347789215963 18.825000000000003
      vertex 34.80239556422225 -30.222465868125397 18.225
    endloop
  endfacet
  facet normal -0.6068711078305682 0.36374454375163817 -0.7066805256772055
    outer loop
      vertex 34.80239556422225 -30.222465868125397 18.225
      vertex 35.11074022957368 -28.542347789215963 18.825000000000003
      vertex 35.639892988182694 -28.82518583131156 18.225
    endloop
  endfacet
  facet normal -0.6396020575606326 0.3025092438137939 -0.7066805256772057
    outer loop
      vertex 35.11074022957368 -28.542347789215963 18.825000000000003
      vertex 35.78207252018059 -27.122934917841437 18.825000000000003
      vertex 35.639892988182694 -28.82518583131156 18.225
    endloop
  endfacet
  facet normal -0.639602057560633 0.30250924381379385 -0.7066805256772054
    outer loop
      vertex 35.639892988182694 -28.82518583131156 18.225
      vertex 35.78207252018059 -27.122934917841437 18.825000000000003
      vertex 36.336400239687364 -27.352544977260493 18.225
    endloop
  endfacet
  facet normal -0.6661732898343411 0.23836061448964216 -0.7066805256772054
    outer loop
      vertex 35.78207252018059 -27.122934917841437 18.825000000000003
      vertex 36.31104537171534 -25.644554836071396 18.825000000000003
      vertex 36.336400239687364 -27.352544977260493 18.225
    endloop
  endfacet
  facet normal -0.6661732898343377 0.2383606144896432 -0.7066805256772082
    outer loop
      vertex 36.336400239687364 -27.352544977260493 18.225
      vertex 36.31104537171534 -25.644554836071396 18.825000000000003
      vertex 36.88520957315467 -25.818725642424077 18.225
    endloop
  endfacet
  facet normal -0.6863289091595746 0.17191644214679824 -0.7066805256772081
    outer loop
      vertex 36.31104537171534 -25.644554836071396 18.825000000000003
      vertex 36.69256448645169 -24.12144515225805 18.825000000000003
      vertex 36.88520957315467 -25.818725642424077 18.225
    endloop
  endfacet
  facet normal -0.6863289091595786 0.17191644214679655 -0.7066805256772045
    outer loop
      vertex 36.69256448645169 -24.12144515225805 18.825000000000003
      vertex 37.281035654693625 -24.23849934546773 18.225
      vertex 36.88520957315467 -25.818725642424077 18.225
    endloop
  endfacet
  facet normal -0.6998748059040631 0.10381662048699063 -0.7066805256772045
    outer loop
      vertex 36.69256448645169 -24.12144515225805 18.825000000000003
      vertex 36.922955626755154 -22.56827424527297 18.825000000000003
      vertex 37.281035654693625 -24.23849934546773 18.225
    endloop
  endfacet
  facet normal -0.6998748059040639 0.10381662048699024 -0.7066805256772039
    outer loop
      vertex 37.281035654693625 -24.23849934546773 18.225
      vertex 36.922955626755154 -22.56827424527297 18.825000000000003
      vertex 37.52006646275847 -22.627084529470707 18.225
    endloop
  endfacet
  facet normal -0.706680525677207 0.034716988019950365 -0.7066805256772039
    outer loop
      vertex 36.922955626755154 -22.56827424527297 18.825000000000003
      vertex 37 -21 18.825000000000003
      vertex 37.52006646275847 -22.627084529470707 18.225
    endloop
  endfacet
  facet normal -0.7066805256772053 0.034716988019951434 -0.7066805256772053
    outer loop
      vertex 37.52006646275847 -22.627084529470707 18.225
      vertex 37 -21 18.825000000000003
      vertex 37.6 -21 18.225
    endloop
  endfacet
  facet normal -0.7066805256772053 -0.034716988019951434 -0.7066805256772053
    outer loop
      vertex 37 -21 18.825000000000003
      vertex 37.52006646275847 -19.372915470529293 18.225
      vertex 37.6 -21 18.225
    endloop
  endfacet
  facet normal -0.706680525677207 -0.034716988019950365 -0.7066805256772039
    outer loop
      vertex 37 -21 18.825000000000003
      vertex 36.922955626755154 -19.43172575472703 18.825000000000003
      vertex 37.52006646275847 -19.372915470529293 18.225
    endloop
  endfacet
  facet normal -0.6998748059040631 -0.10381662048699063 -0.7066805256772045
    outer loop
      vertex 36.922955626755154 -19.43172575472703 18.825000000000003
      vertex 36.69256448645169 -17.87855484774195 18.825000000000003
      vertex 37.281035654693625 -17.76150065453227 18.225
    endloop
  endfacet
  facet normal -0.6998748059040639 -0.10381662048699024 -0.7066805256772039
    outer loop
      vertex 36.922955626755154 -19.43172575472703 18.825000000000003
      vertex 37.281035654693625 -17.76150065453227 18.225
      vertex 37.52006646275847 -19.372915470529293 18.225
    endloop
  endfacet
  facet normal -0.03471698801995189 -0.7066805256772054 -0.7066805256772054
    outer loop
      vertex 21 -5 18.825000000000003
      vertex 21 -4.399999999999999 18.225
      vertex 22.56827424527297 -5.077044373244849 18.825000000000003
    endloop
  endfacet
  facet normal -0.03471698801995142 -0.7066805256772047 -0.706680525677206
    outer loop
      vertex 22.56827424527297 -5.077044373244849 18.825000000000003
      vertex 21 -4.399999999999999 18.225
      vertex 22.627084529470707 -4.4799335372415285 18.225
    endloop
  endfacet
  facet normal -0.10381662048698885 -0.699874805904062 -0.706680525677206
    outer loop
      vertex 22.56827424527297 -5.077044373244849 18.825000000000003
      vertex 22.627084529470707 -4.4799335372415285 18.225
      vertex 24.12144515225805 -5.307435513548313 18.825000000000003
    endloop
  endfacet
  facet normal -0.10381662048699014 -0.6998748059040633 -0.7066805256772045
    outer loop
      vertex 24.12144515225805 -5.307435513548313 18.825000000000003
      vertex 22.627084529470707 -4.4799335372415285 18.225
      vertex 24.23849934546773 -4.718964345306375 18.225
    endloop
  endfacet
  facet normal -0.17191644214679758 -0.6863289091595783 -0.7066805256772045
    outer loop
      vertex 24.12144515225805 -5.307435513548313 18.825000000000003
      vertex 24.23849934546773 -4.718964345306375 18.225
      vertex 25.644554836071396 -5.688954628284659 18.825000000000003
    endloop
  endfacet
  facet normal -0.17191644214679622 -0.6863289091595772 -0.706680525677206
    outer loop
      vertex 24.23849934546773 -4.718964345306375 18.225
      vertex 25.818725642424077 -5.114790426845332 18.225
      vertex 25.644554836071396 -5.688954628284659 18.825000000000003
    endloop
  endfacet
  facet normal -0.2383606144896447 -0.6661732898343392 -0.7066805256772062
    outer loop
      vertex 25.644554836071396 -5.688954628284659 18.825000000000003
      vertex 25.818725642424077 -5.114790426845332 18.225
      vertex 27.122934917841437 -6.217927479819412 18.825000000000003
    endloop
  endfacet
  facet normal -0.23836061448964505 -0.6661732898343394 -0.7066805256772059
    outer loop
      vertex 25.818725642424077 -5.114790426845332 18.225
      vertex 27.352544977260493 -5.663599760312638 18.225
      vertex 27.122934917841437 -6.217927479819412 18.825000000000003
    endloop
  endfacet
  facet normal -0.30250924381379185 -0.6396020575606334 -0.706680525677206
    outer loop
      vertex 28.542347789215963 -6.889259770426319 18.825000000000003
      vertex 27.122934917841437 -6.217927479819412 18.825000000000003
      vertex 27.352544977260493 -5.663599760312638 18.225
    endloop
  endfacet
  facet normal -0.3025092438137932 -0.639602057560634 -0.7066805256772047
    outer loop
      vertex 28.542347789215963 -6.889259770426319 18.825000000000003
      vertex 27.352544977260493 -5.663599760312638 18.225
      vertex 28.82518583131156 -6.3601070118173055 18.225
    endloop
  endfacet
  facet normal -0.36374454375163895 -0.6068711078305687 -0.7066805256772046
    outer loop
      vertex 28.542347789215963 -6.889259770426319 18.825000000000003
      vertex 28.82518583131156 -6.3601070118173055 18.225
      vertex 29.889123728313635 -7.696486203159276 18.825000000000003
    endloop
  endfacet
  facet normal -0.36374454375163834 -0.6068711078305684 -0.7066805256772052
    outer loop
      vertex 28.82518583131156 -6.3601070118173055 18.225
      vertex 30.222465868125397 -7.197604435777748 18.225
      vertex 29.889123728313635 -7.696486203159276 18.825000000000003
    endloop
  endfacet
  facet normal -0.42147678489016155 -0.5682956575826015 -0.7066805256772052
    outer loop
      vertex 29.889123728313635 -7.696486203159276 18.825000000000003
      vertex 30.222465868125397 -7.197604435777748 18.225
      vertex 31.150292546618328 -8.631832746196208 18.825000000000003
    endloop
  endfacet
  facet normal -0.4214767848901617 -0.5682956575826015 -0.7066805256772051
    outer loop
      vertex 31.150292546618328 -8.631832746196208 18.825000000000003
      vertex 30.222465868125397 -7.197604435777748 18.225
      vertex 31.530928517116514 -8.168026474178564 18.225
    endloop
  endfacet
  facet normal -0.6863289091595746 -0.17191644214679824 -0.7066805256772081
    outer loop
      vertex 36.69256448645169 -17.87855484774195 18.825000000000003
      vertex 36.31104537171534 -16.355445163928604 18.825000000000003
      vertex 36.88520957315467 -16.181274357575923 18.225
    endloop
  endfacet
  facet normal -0.6661732898343375 -0.23836061448964344 -0.7066805256772081
    outer loop
      vertex 36.31104537171534 -16.355445163928604 18.825000000000003
      vertex 36.336400239687364 -14.647455022739509 18.225
      vertex 36.88520957315467 -16.181274357575923 18.225
    endloop
  endfacet
  facet normal -0.6661732898343414 -0.2383606144896423 -0.706680525677205
    outer loop
      vertex 36.31104537171534 -16.355445163928604 18.825000000000003
      vertex 35.78207252018059 -14.877065082158563 18.825000000000003
      vertex 36.336400239687364 -14.647455022739509 18.225
    endloop
  endfacet
  facet normal -0.6396020575606326 -0.3025092438137939 -0.7066805256772057
    outer loop
      vertex 35.78207252018059 -14.877065082158563 18.825000000000003
      vertex 35.11074022957368 -13.457652210784037 18.825000000000003
      vertex 35.639892988182694 -13.174814168688439 18.225
    endloop
  endfacet
  facet normal -0.6396020575606335 -0.30250924381379374 -0.7066805256772049
    outer loop
      vertex 35.78207252018059 -14.877065082158563 18.825000000000003
      vertex 35.639892988182694 -13.174814168688439 18.225
      vertex 36.336400239687364 -14.647455022739509 18.225
    endloop
  endfacet
  facet normal -0.5242472094901073 -0.475149974187546 -0.7066805256772045
    outer loop
      vertex 32.73797256769669 -9.26202743230331 18.225
      vertex 33.36816725380379 -10.849707453381672 18.825000000000003
      vertex 32.31370849898476 -9.686291501015239 18.825000000000003
    endloop
  endfacet
  facet normal -0.5682956575825984 -0.4214767848901608 -0.7066805256772083
    outer loop
      vertex 33.36816725380379 -10.849707453381672 18.825000000000003
      vertex 33.83197352582144 -10.469071482883484 18.225
      vertex 34.303513796840726 -12.110876271686365 18.825000000000003
    endloop
  endfacet
  facet normal -0.524247209490103 -0.47514997418754557 -0.706680525677208
    outer loop
      vertex 32.73797256769669 -9.26202743230331 18.225
      vertex 33.83197352582144 -10.469071482883484 18.225
      vertex 33.36816725380379 -10.849707453381672 18.825000000000003
    endloop
  endfacet
  facet normal -0.6068711078305682 -0.36374454375163817 -0.7066805256772055
    outer loop
      vertex 35.11074022957368 -13.457652210784037 18.825000000000003
      vertex 34.80239556422225 -11.777534131874603 18.225
      vertex 35.639892988182694 -13.174814168688439 18.225
    endloop
  endfacet
  facet normal -0.6068711078305697 -0.36374454375163795 -0.7066805256772043
    outer loop
      vertex 35.11074022957368 -13.457652210784037 18.825000000000003
      vertex 34.303513796840726 -12.110876271686365 18.825000000000003
      vertex 34.80239556422225 -11.777534131874603 18.225
    endloop
  endfacet
  facet normal -0.568295657582603 -0.42147678489016077 -0.7066805256772043
    outer loop
      vertex 33.83197352582144 -10.469071482883484 18.225
      vertex 34.80239556422225 -11.777534131874603 18.225
      vertex 34.303513796840726 -12.110876271686365 18.825000000000003
    endloop
  endfacet
  facet normal -0.6863289091595786 -0.17191644214679655 -0.7066805256772045
    outer loop
      vertex 36.69256448645169 -17.87855484774195 18.825000000000003
      vertex 36.88520957315467 -16.181274357575923 18.225
      vertex 37.281035654693625 -17.76150065453227 18.225
    endloop
  endfacet
  facet normal -0.475149974187546 -0.5242472094901065 -0.706680525677205
    outer loop
      vertex 31.150292546618328 -8.631832746196208 18.825000000000003
      vertex 31.530928517116514 -8.168026474178564 18.225
      vertex 32.31370849898476 -9.686291501015239 18.825000000000003
    endloop
  endfacet
  facet normal -0.47514997418754656 -0.5242472094901066 -0.7066805256772046
    outer loop
      vertex 32.73797256769669 -9.26202743230331 18.225
      vertex 32.31370849898476 -9.686291501015239 18.825000000000003
      vertex 31.530928517116514 -8.168026474178564 18.225
    endloop
  endfacet
  facet normal 0.5242472094901067 0.4751499741875463 0.7066805256772045
    outer loop
      vertex 9.26202743230331 -32.73797256769669 26.225
      vertex 9.686291501015239 -32.31370849898476 25.625
      vertex 8.631832746196208 -31.150292546618328 25.625
    endloop
  endfacet
  facet normal 0.5682956575826015 0.42147678489016166 0.7066805256772053
    outer loop
      vertex 7.197604435777748 -30.222465868125397 26.225
      vertex 8.168026474178564 -31.530928517116514 26.225
      vertex 7.696486203159276 -29.889123728313635 25.625
    endloop
  endfacet
  facet normal 0.6396020575606344 0.30250924381379235 0.7066805256772047
    outer loop
      vertex 6.3601070118173055 -28.82518583131156 26.225
      vertex 6.889259770426319 -28.542347789215963 25.625
      vertex 6.217927479819412 -27.122934917841437 25.625
    endloop
  endfacet
  facet normal 0.6396020575606336 0.30250924381379257 0.7066805256772054
    outer loop
      vertex 6.3601070118173055 -28.82518583131156 26.225
      vertex 6.217927479819412 -27.122934917841437 25.625
      vertex 5.663599760312639 -27.352544977260493 26.225
    endloop
  endfacet
  facet normal 0.606871107830569 0.3637445437516386 0.7066805256772045
    outer loop
      vertex 7.197604435777748 -30.222465868125397 26.225
      vertex 6.889259770426319 -28.542347789215963 25.625
      vertex 6.3601070118173055 -28.82518583131156 26.225
    endloop
  endfacet
  facet normal 0.6068711078305683 0.3637445437516386 0.7066805256772052
    outer loop
      vertex 7.197604435777748 -30.222465868125397 26.225
      vertex 7.696486203159276 -29.889123728313635 25.625
      vertex 6.889259770426319 -28.542347789215963 25.625
    endloop
  endfacet
  facet normal 0.5242472094901063 0.4751499741875463 0.706680525677205
    outer loop
      vertex 9.26202743230331 -32.73797256769669 26.225
      vertex 8.631832746196208 -31.150292546618328 25.625
      vertex 8.168026474178564 -31.530928517116514 26.225
    endloop
  endfacet
  facet normal 0.5682956575826016 0.4214767848901616 0.7066805256772051
    outer loop
      vertex 7.696486203159276 -29.889123728313635 25.625
      vertex 8.168026474178564 -31.530928517116514 26.225
      vertex 8.631832746196208 -31.150292546618328 25.625
    endloop
  endfacet
  facet normal 0.6863289091595786 0.17191644214679655 0.7066805256772045
    outer loop
      vertex 5.114790426845332 -25.818725642424077 26.225
      vertex 5.307435513548313 -24.12144515225805 25.625
      vertex 4.718964345306375 -24.23849934546773 26.225
    endloop
  endfacet
  facet normal 0.6998748059040635 0.10381662048698907 0.7066805256772045
    outer loop
      vertex 4.718964345306375 -24.23849934546773 26.225
      vertex 5.307435513548313 -24.12144515225805 25.625
      vertex 5.077044373244849 -22.56827424527297 25.625
    endloop
  endfacet
  facet normal 0.6998748059040618 0.10381662048698995 0.706680525677206
    outer loop
      vertex 4.718964345306375 -24.23849934546773 26.225
      vertex 5.077044373244849 -22.56827424527297 25.625
      vertex 4.4799335372415285 -22.627084529470707 26.225
    endloop
  endfacet
  facet normal 0.7066805256772049 0.03471698801995185 0.7066805256772061
    outer loop
      vertex 4.4799335372415285 -22.627084529470707 26.225
      vertex 5.077044373244849 -22.56827424527297 25.625
      vertex 5 -21 25.625
    endloop
  endfacet
  facet normal 0.7066805256772053 0.034716988019951434 0.7066805256772053
    outer loop
      vertex 4.4799335372415285 -22.627084529470707 26.225
      vertex 5 -21 25.625
      vertex 4.399999999999999 -21 26.225
    endloop
  endfacet
  facet normal 0.7066805256772053 -0.03471698801995123 0.7066805256772053
    outer loop
      vertex 4.399999999999999 -21 26.225
      vertex 5 -21 25.625
      vertex 4.429476109861678 -20.4 26.225
    endloop
  endfacet
  facet normal 0.7066805256772051 -0.03471698801995153 0.7066805256772055
    outer loop
      vertex 5 -21 25.625
      vertex 4.4799335372415285 -19.372915470529293 26.225
      vertex 4.429476109861678 -20.4 26.225
    endloop
  endfacet
  facet normal 0.7066805256772049 -0.034716988019951864 0.7066805256772061
    outer loop
      vertex 5 -21 25.625
      vertex 5.077044373244849 -19.43172575472703 25.625
      vertex 4.4799335372415285 -19.372915470529293 26.225
    endloop
  endfacet
  facet normal 0.6998748059040618 -0.10381662048698995 0.706680525677206
    outer loop
      vertex 4.4799335372415285 -19.372915470529293 26.225
      vertex 5.077044373244849 -19.43172575472703 25.625
      vertex 4.718964345306375 -17.76150065453227 26.225
    endloop
  endfacet
  facet normal 0.6998748059040634 -0.10381662048698906 0.7066805256772044
    outer loop
      vertex 5.077044373244849 -19.43172575472703 25.625
      vertex 5.307435513548313 -17.87855484774195 25.625
      vertex 4.718964345306375 -17.76150065453227 26.225
    endloop
  endfacet
  facet normal 0.66617328983434 0.23836061448964493 0.7066805256772053
    outer loop
      vertex 5.663599760312639 -27.352544977260493 26.225
      vertex 6.217927479819412 -27.122934917841437 25.625
      vertex 5.688954628284659 -25.644554836071396 25.625
    endloop
  endfacet
  facet normal 0.666173289834339 0.23836061448964524 0.7066805256772062
    outer loop
      vertex 5.114790426845332 -25.818725642424077 26.225
      vertex 5.663599760312639 -27.352544977260493 26.225
      vertex 5.688954628284659 -25.644554836071396 25.625
    endloop
  endfacet
  facet normal 0.6863289091595769 0.17191644214679722 0.7066805256772061
    outer loop
      vertex 5.114790426845332 -25.818725642424077 26.225
      vertex 5.688954628284659 -25.644554836071396 25.625
      vertex 5.307435513548313 -24.12144515225805 25.625
    endloop
  endfacet
  facet normal 0.6863289091595786 -0.17191644214679655 0.7066805256772045
    outer loop
      vertex 4.718964345306375 -17.76150065453227 26.225
      vertex 5.307435513548313 -17.87855484774195 25.625
      vertex 5.114790426845332 -16.181274357575923 26.225
    endloop
  endfacet
  facet normal 0.6863289091595769 -0.17191644214679724 0.706680525677206
    outer loop
      vertex 5.114790426845332 -16.181274357575923 26.225
      vertex 5.307435513548313 -17.87855484774195 25.625
      vertex 5.688954628284659 -16.355445163928604 25.625
    endloop
  endfacet
  facet normal 0.6661732898343389 -0.23836061448964546 0.7066805256772061
    outer loop
      vertex 5.114790426845332 -16.181274357575923 26.225
      vertex 5.688954628284659 -16.355445163928604 25.625
      vertex 5.663599760312639 -14.647455022739509 26.225
    endloop
  endfacet
  facet normal 0.6661732898343403 -0.2383606144896451 0.7066805256772051
    outer loop
      vertex 5.688954628284659 -16.355445163928604 25.625
      vertex 6.217927479819412 -14.877065082158563 25.625
      vertex 5.663599760312639 -14.647455022739509 26.225
    endloop
  endfacet
  facet normal 0.639602057560634 -0.30250924381379246 0.7066805256772051
    outer loop
      vertex 6.217927479819412 -14.877065082158563 25.625
      vertex 6.3601070118173055 -13.174814168688439 26.225
      vertex 5.663599760312639 -14.647455022739509 26.225
    endloop
  endfacet
  facet normal 0.6396020575606345 -0.30250924381379235 0.7066805256772047
    outer loop
      vertex 6.217927479819412 -14.877065082158563 25.625
      vertex 6.889259770426319 -13.457652210784037 25.625
      vertex 6.3601070118173055 -13.174814168688439 26.225
    endloop
  endfacet
  facet normal 0.606871107830569 -0.3637445437516386 0.7066805256772046
    outer loop
      vertex 6.3601070118173055 -13.174814168688439 26.225
      vertex 6.889259770426319 -13.457652210784037 25.625
      vertex 7.197604435777748 -11.777534131874603 26.225
    endloop
  endfacet
  facet normal 0.6068711078305682 -0.36374454375163867 0.7066805256772052
    outer loop
      vertex 6.889259770426319 -13.457652210784037 25.625
      vertex 7.696486203159276 -12.110876271686365 25.625
      vertex 7.197604435777748 -11.777534131874603 26.225
    endloop
  endfacet
  facet normal 0.5682956575826017 -0.42147678489016127 0.7066805256772052
    outer loop
      vertex 7.197604435777748 -11.777534131874603 26.225
      vertex 7.696486203159276 -12.110876271686365 25.625
      vertex 8.168026474178564 -10.469071482883484 26.225
    endloop
  endfacet
  facet normal 0.5682956575826011 -0.42147678489016127 0.7066805256772057
    outer loop
      vertex 7.696486203159276 -12.110876271686365 25.625
      vertex 8.631832746196208 -10.849707453381672 25.625
      vertex 8.168026474178564 -10.469071482883484 26.225
    endloop
  endfacet
  facet normal 0.5242472094901062 -0.4751499741875454 0.7066805256772056
    outer loop
      vertex 8.168026474178564 -10.469071482883484 26.225
      vertex 8.631832746196208 -10.849707453381672 25.625
      vertex 9.26202743230331 -9.26202743230331 26.225
    endloop
  endfacet
  facet normal 0.5242472094901066 -0.4751499741875454 0.7066805256772053
    outer loop
      vertex 8.631832746196208 -10.849707453381672 25.625
      vertex 9.686291501015239 -9.686291501015239 25.625
      vertex 9.26202743230331 -9.26202743230331 26.225
    endloop
  endfacet
  facet normal 0.4751499741875456 -0.5242472094901064 0.7066805256772053
    outer loop
      vertex 9.686291501015239 -9.686291501015239 25.625
      vertex 10.469071482883484 -8.168026474178564 26.225
      vertex 9.26202743230331 -9.26202743230331 26.225
    endloop
  endfacet
  facet normal 0.4751499741875452 -0.5242472094901064 0.7066805256772056
    outer loop
      vertex 9.686291501015239 -9.686291501015239 25.625
      vertex 10.849707453381672 -8.631832746196208 25.625
      vertex 10.469071482883484 -8.168026474178564 26.225
    endloop
  endfacet
  facet normal 0.421476784890161 -0.5682956575826014 0.7066805256772056
    outer loop
      vertex 10.469071482883484 -8.168026474178564 26.225
      vertex 10.849707453381672 -8.631832746196208 25.625
      vertex 11.777534131874603 -7.197604435777748 26.225
    endloop
  endfacet
  facet normal 0.42147678489016155 -0.5682956575826015 0.7066805256772053
    outer loop
      vertex 10.849707453381672 -8.631832746196208 25.625
      vertex 12.110876271686365 -7.696486203159276 25.625
      vertex 11.777534131874603 -7.197604435777748 26.225
    endloop
  endfacet
  facet normal 0.36374454375163834 -0.6068711078305684 0.7066805256772052
    outer loop
      vertex 11.777534131874603 -7.197604435777748 26.225
      vertex 12.110876271686365 -7.696486203159276 25.625
      vertex 13.174814168688439 -6.3601070118173055 26.225
    endloop
  endfacet
  facet normal 0.36374454375163895 -0.6068711078305687 0.7066805256772046
    outer loop
      vertex 12.110876271686365 -7.696486203159276 25.625
      vertex 13.457652210784037 -6.889259770426319 25.625
      vertex 13.174814168688439 -6.3601070118173055 26.225
    endloop
  endfacet
  facet normal 0.30250924381379257 -0.6396020575606344 0.7066805256772047
    outer loop
      vertex 13.457652210784037 -6.889259770426319 25.625
      vertex 14.647455022739509 -5.663599760312639 26.225
      vertex 13.174814168688439 -6.3601070118173055 26.225
    endloop
  endfacet
  facet normal 0.30250924381379224 -0.6396020575606342 0.706680525677205
    outer loop
      vertex 13.457652210784037 -6.889259770426319 25.625
      vertex 14.877065082158563 -6.217927479819412 25.625
      vertex 14.647455022739509 -5.663599760312639 26.225
    endloop
  endfacet
  facet normal 0.2383606144896459 -0.66617328983434 0.706680525677205
    outer loop
      vertex 14.877065082158563 -6.217927479819412 25.625
      vertex 16.181274357575923 -5.114790426845332 26.225
      vertex 14.647455022739509 -5.663599760312639 26.225
    endloop
  endfacet
  facet normal 0.2383606144896447 -0.6661732898343392 0.7066805256772062
    outer loop
      vertex 14.877065082158563 -6.217927479819412 25.625
      vertex 16.355445163928604 -5.688954628284659 25.625
      vertex 16.181274357575923 -5.114790426845332 26.225
    endloop
  endfacet
  facet normal 0.17191644214679622 -0.6863289091595772 0.706680525677206
    outer loop
      vertex 16.355445163928604 -5.688954628284659 25.625
      vertex 17.76150065453227 -4.718964345306375 26.225
      vertex 16.181274357575923 -5.114790426845332 26.225
    endloop
  endfacet
  facet normal 0.17191644214679758 -0.6863289091595783 0.7066805256772045
    outer loop
      vertex 16.355445163928604 -5.688954628284659 25.625
      vertex 17.87855484774195 -5.307435513548313 25.625
      vertex 17.76150065453227 -4.718964345306375 26.225
    endloop
  endfacet
  facet normal 0.10381662048699014 -0.6998748059040633 0.7066805256772045
    outer loop
      vertex 17.87855484774195 -5.307435513548313 25.625
      vertex 19.372915470529293 -4.4799335372415285 26.225
      vertex 17.76150065453227 -4.718964345306375 26.225
    endloop
  endfacet
  facet normal 0.10381662048698885 -0.699874805904062 0.706680525677206
    outer loop
      vertex 17.87855484774195 -5.307435513548313 25.625
      vertex 19.43172575472703 -5.077044373244849 25.625
      vertex 19.372915470529293 -4.4799335372415285 26.225
    endloop
  endfacet
  facet normal 0.03471698801995142 -0.7066805256772047 0.7066805256772059
    outer loop
      vertex 19.43172575472703 -5.077044373244849 25.625
      vertex 20.400000000000002 -4.429476109861678 26.225
      vertex 19.372915470529293 -4.4799335372415285 26.225
    endloop
  endfacet
  facet normal 0.034716988019951385 -0.7066805256772047 0.706680525677206
    outer loop
      vertex 19.43172575472703 -5.077044373244849 25.625
      vertex 21 -4.399999999999999 26.225
      vertex 20.400000000000002 -4.429476109861678 26.225
    endloop
  endfacet
  facet normal 0.03471698801995189 -0.7066805256772054 0.7066805256772054
    outer loop
      vertex 19.43172575472703 -5.077044373244849 25.625
      vertex 21 -5 25.625
      vertex 21 -4.399999999999999 26.225
    endloop
  endfacet
  facet normal -0.5242472094901074 0.4751499741875469 0.7066805256772039
    outer loop
      vertex 32.73797256769669 -32.73797256769669 26.225
      vertex 33.36816725380379 -31.150292546618328 25.625
      vertex 32.31370849898476 -32.31370849898476 25.625
    endloop
  endfacet
  facet normal -0.5242472094901032 0.47514997418754645 0.7066805256772073
    outer loop
      vertex 32.73797256769669 -32.73797256769669 26.225
      vertex 33.83197352582144 -31.530928517116514 26.225
      vertex 33.36816725380379 -31.150292546618328 25.625
    endloop
  endfacet
  facet normal -0.5682956575825988 0.42147678489016116 0.7066805256772076
    outer loop
      vertex 33.36816725380379 -31.150292546618328 25.625
      vertex 33.83197352582144 -31.530928517116514 26.225
      vertex 34.303513796840726 -29.889123728313635 25.625
    endloop
  endfacet
  facet normal -0.5682956575826027 0.4214767848901611 0.7066805256772043
    outer loop
      vertex 33.83197352582144 -31.530928517116514 26.225
      vertex 34.80239556422225 -30.222465868125397 26.225
      vertex 34.303513796840726 -29.889123728313635 25.625
    endloop
  endfacet
  facet normal -0.6068711078305697 0.36374454375163795 0.7066805256772043
    outer loop
      vertex 34.303513796840726 -29.889123728313635 25.625
      vertex 34.80239556422225 -30.222465868125397 26.225
      vertex 35.11074022957368 -28.542347789215963 25.625
    endloop
  endfacet
  facet normal -0.6068711078305682 0.36374454375163817 0.7066805256772055
    outer loop
      vertex 34.80239556422225 -30.222465868125397 26.225
      vertex 35.639892988182694 -28.82518583131156 26.225
      vertex 35.11074022957368 -28.542347789215963 25.625
    endloop
  endfacet
  facet normal -0.6396020575606326 0.3025092438137939 0.7066805256772057
    outer loop
      vertex 35.11074022957368 -28.542347789215963 25.625
      vertex 35.639892988182694 -28.82518583131156 26.225
      vertex 35.78207252018059 -27.122934917841437 25.625
    endloop
  endfacet
  facet normal -0.639602057560633 0.30250924381379385 0.7066805256772055
    outer loop
      vertex 35.639892988182694 -28.82518583131156 26.225
      vertex 36.336400239687364 -27.352544977260493 26.225
      vertex 35.78207252018059 -27.122934917841437 25.625
    endloop
  endfacet
  facet normal -0.6661732898343411 0.23836061448964216 0.7066805256772054
    outer loop
      vertex 35.78207252018059 -27.122934917841437 25.625
      vertex 36.336400239687364 -27.352544977260493 26.225
      vertex 36.31104537171534 -25.644554836071396 25.625
    endloop
  endfacet
  facet normal -0.6661732898343377 0.2383606144896432 0.7066805256772082
    outer loop
      vertex 36.336400239687364 -27.352544977260493 26.225
      vertex 36.88520957315467 -25.818725642424077 26.225
      vertex 36.31104537171534 -25.644554836071396 25.625
    endloop
  endfacet
  facet normal -0.6863289091595746 0.17191644214679824 0.7066805256772081
    outer loop
      vertex 36.31104537171534 -25.644554836071396 25.625
      vertex 36.88520957315467 -25.818725642424077 26.225
      vertex 36.69256448645169 -24.12144515225805 25.625
    endloop
  endfacet
  facet normal -0.6863289091595786 0.17191644214679655 0.7066805256772045
    outer loop
      vertex 36.69256448645169 -24.12144515225805 25.625
      vertex 36.88520957315467 -25.818725642424077 26.225
      vertex 37.281035654693625 -24.23849934546773 26.225
    endloop
  endfacet
  facet normal -0.6998748059040631 0.10381662048699063 0.7066805256772045
    outer loop
      vertex 36.69256448645169 -24.12144515225805 25.625
      vertex 37.281035654693625 -24.23849934546773 26.225
      vertex 36.922955626755154 -22.56827424527297 25.625
    endloop
  endfacet
  facet normal -0.6998748059040639 0.10381662048699024 0.7066805256772039
    outer loop
      vertex 37.281035654693625 -24.23849934546773 26.225
      vertex 37.52006646275847 -22.627084529470707 26.225
      vertex 36.922955626755154 -22.56827424527297 25.625
    endloop
  endfacet
  facet normal -0.706680525677207 0.034716988019950365 0.7066805256772039
    outer loop
      vertex 36.922955626755154 -22.56827424527297 25.625
      vertex 37.52006646275847 -22.627084529470707 26.225
      vertex 37 -21 25.625
    endloop
  endfacet
  facet normal -0.7066805256772053 0.034716988019951434 0.7066805256772053
    outer loop
      vertex 37.52006646275847 -22.627084529470707 26.225
      vertex 37.6 -21 26.225
      vertex 37 -21 25.625
    endloop
  endfacet
  facet normal -0.7066805256772053 -0.03471698801995144 0.7066805256772053
    outer loop
      vertex 37 -21 25.625
      vertex 37.6 -21 26.225
      vertex 37.52006646275847 -19.372915470529293 26.225
    endloop
  endfacet
  facet normal -0.706680525677207 -0.034716988019950365 0.7066805256772039
    outer loop
      vertex 37 -21 25.625
      vertex 37.52006646275847 -19.372915470529293 26.225
      vertex 36.922955626755154 -19.43172575472703 25.625
    endloop
  endfacet
  facet normal -0.6998748059040631 -0.10381662048699063 0.7066805256772045
    outer loop
      vertex 36.922955626755154 -19.43172575472703 25.625
      vertex 37.281035654693625 -17.76150065453227 26.225
      vertex 36.69256448645169 -17.87855484774195 25.625
    endloop
  endfacet
  facet normal -0.6998748059040638 -0.10381662048699024 0.7066805256772039
    outer loop
      vertex 36.922955626755154 -19.43172575472703 25.625
      vertex 37.52006646275847 -19.372915470529293 26.225
      vertex 37.281035654693625 -17.76150065453227 26.225
    endloop
  endfacet
  facet normal -0.03471698801995144 -0.7066805256772053 0.7066805256772053
    outer loop
      vertex 21 -5 25.625
      vertex 22.627084529470707 -4.4799335372415285 26.225
      vertex 21 -4.399999999999999 26.225
    endloop
  endfacet
  facet normal -0.034716988019951864 -0.7066805256772049 0.7066805256772061
    outer loop
      vertex 21 -5 25.625
      vertex 22.56827424527297 -5.077044373244849 25.625
      vertex 22.627084529470707 -4.4799335372415285 26.225
    endloop
  endfacet
  facet normal -0.10381662048698885 -0.699874805904062 0.706680525677206
    outer loop
      vertex 22.56827424527297 -5.077044373244849 25.625
      vertex 24.12144515225805 -5.307435513548313 25.625
      vertex 22.627084529470707 -4.4799335372415285 26.225
    endloop
  endfacet
  facet normal -0.10381662048699015 -0.6998748059040634 0.7066805256772045
    outer loop
      vertex 24.12144515225805 -5.307435513548313 25.625
      vertex 24.23849934546773 -4.718964345306375 26.225
      vertex 22.627084529470707 -4.4799335372415285 26.225
    endloop
  endfacet
  facet normal -0.17191644214679758 -0.6863289091595783 0.7066805256772045
    outer loop
      vertex 24.12144515225805 -5.307435513548313 25.625
      vertex 25.644554836071396 -5.688954628284659 25.625
      vertex 24.23849934546773 -4.718964345306375 26.225
    endloop
  endfacet
  facet normal -0.1719164421467962 -0.6863289091595771 0.706680525677206
    outer loop
      vertex 24.23849934546773 -4.718964345306375 26.225
      vertex 25.644554836071396 -5.688954628284659 25.625
      vertex 25.818725642424077 -5.114790426845332 26.225
    endloop
  endfacet
  facet normal -0.2383606144896447 -0.6661732898343392 0.7066805256772062
    outer loop
      vertex 25.644554836071396 -5.688954628284659 25.625
      vertex 27.122934917841437 -6.217927479819412 25.625
      vertex 25.818725642424077 -5.114790426845332 26.225
    endloop
  endfacet
  facet normal -0.23836061448964552 -0.6661732898343398 0.7066805256772053
    outer loop
      vertex 25.818725642424077 -5.114790426845332 26.225
      vertex 27.122934917841437 -6.217927479819412 25.625
      vertex 27.352544977260493 -5.663599760312639 26.225
    endloop
  endfacet
  facet normal -0.3025092438137921 -0.6396020575606338 0.7066805256772055
    outer loop
      vertex 28.542347789215963 -6.889259770426319 25.625
      vertex 27.352544977260493 -5.663599760312639 26.225
      vertex 27.122934917841437 -6.217927479819412 25.625
    endloop
  endfacet
  facet normal -0.30250924381379285 -0.6396020575606342 0.7066805256772046
    outer loop
      vertex 28.542347789215963 -6.889259770426319 25.625
      vertex 28.82518583131156 -6.3601070118173055 26.225
      vertex 27.352544977260493 -5.663599760312639 26.225
    endloop
  endfacet
  facet normal -0.36374454375163895 -0.6068711078305687 0.7066805256772046
    outer loop
      vertex 28.542347789215963 -6.889259770426319 25.625
      vertex 29.889123728313635 -7.696486203159276 25.625
      vertex 28.82518583131156 -6.3601070118173055 26.225
    endloop
  endfacet
  facet normal -0.36374454375163834 -0.6068711078305684 0.7066805256772052
    outer loop
      vertex 28.82518583131156 -6.3601070118173055 26.225
      vertex 29.889123728313635 -7.696486203159276 25.625
      vertex 30.222465868125397 -7.197604435777748 26.225
    endloop
  endfacet
  facet normal -0.42147678489016155 -0.5682956575826015 0.7066805256772052
    outer loop
      vertex 29.889123728313635 -7.696486203159276 25.625
      vertex 31.150292546618328 -8.631832746196208 25.625
      vertex 30.222465868125397 -7.197604435777748 26.225
    endloop
  endfacet
  facet normal -0.4214767848901617 -0.5682956575826015 0.7066805256772051
    outer loop
      vertex 31.150292546618328 -8.631832746196208 25.625
      vertex 31.530928517116514 -8.168026474178564 26.225
      vertex 30.222465868125397 -7.197604435777748 26.225
    endloop
  endfacet
  facet normal -0.6863289091595746 -0.17191644214679824 0.7066805256772081
    outer loop
      vertex 36.69256448645169 -17.87855484774195 25.625
      vertex 36.88520957315467 -16.181274357575923 26.225
      vertex 36.31104537171534 -16.355445163928604 25.625
    endloop
  endfacet
  facet normal -0.6661732898343375 -0.23836061448964344 0.7066805256772081
    outer loop
      vertex 36.31104537171534 -16.355445163928604 25.625
      vertex 36.88520957315467 -16.181274357575923 26.225
      vertex 36.336400239687364 -14.647455022739509 26.225
    endloop
  endfacet
  facet normal -0.6661732898343413 -0.23836061448964224 0.706680525677205
    outer loop
      vertex 36.31104537171534 -16.355445163928604 25.625
      vertex 36.336400239687364 -14.647455022739509 26.225
      vertex 35.78207252018059 -14.877065082158563 25.625
    endloop
  endfacet
  facet normal -0.6396020575606326 -0.3025092438137939 0.7066805256772057
    outer loop
      vertex 35.78207252018059 -14.877065082158563 25.625
      vertex 35.639892988182694 -13.174814168688439 26.225
      vertex 35.11074022957368 -13.457652210784037 25.625
    endloop
  endfacet
  facet normal -0.6396020575606335 -0.3025092438137938 0.7066805256772051
    outer loop
      vertex 35.78207252018059 -14.877065082158563 25.625
      vertex 36.336400239687364 -14.647455022739509 26.225
      vertex 35.639892988182694 -13.174814168688439 26.225
    endloop
  endfacet
  facet normal -0.5242472094901073 -0.47514997418754595 0.7066805256772045
    outer loop
      vertex 32.31370849898476 -9.686291501015239 25.625
      vertex 33.36816725380379 -10.849707453381672 25.625
      vertex 32.73797256769669 -9.26202743230331 26.225
    endloop
  endfacet
  facet normal -0.5682956575825984 -0.4214767848901608 0.7066805256772083
    outer loop
      vertex 33.36816725380379 -10.849707453381672 25.625
      vertex 34.303513796840726 -12.110876271686365 25.625
      vertex 33.83197352582144 -10.469071482883484 26.225
    endloop
  endfacet
  facet normal -0.524247209490103 -0.47514997418754557 0.706680525677208
    outer loop
      vertex 32.73797256769669 -9.26202743230331 26.225
      vertex 33.36816725380379 -10.849707453381672 25.625
      vertex 33.83197352582144 -10.469071482883484 26.225
    endloop
  endfacet
  facet normal -0.6068711078305682 -0.36374454375163817 0.7066805256772055
    outer loop
      vertex 35.11074022957368 -13.457652210784037 25.625
      vertex 35.639892988182694 -13.174814168688439 26.225
      vertex 34.80239556422225 -11.777534131874603 26.225
    endloop
  endfacet
  facet normal -0.6068711078305697 -0.36374454375163795 0.7066805256772043
    outer loop
      vertex 35.11074022957368 -13.457652210784037 25.625
      vertex 34.80239556422225 -11.777534131874603 26.225
      vertex 34.303513796840726 -12.110876271686365 25.625
    endloop
  endfacet
  facet normal -0.568295657582603 -0.42147678489016077 0.7066805256772043
    outer loop
      vertex 33.83197352582144 -10.469071482883484 26.225
      vertex 34.303513796840726 -12.110876271686365 25.625
      vertex 34.80239556422225 -11.777534131874603 26.225
    endloop
  endfacet
  facet normal -0.6863289091595786 -0.17191644214679655 0.7066805256772045
    outer loop
      vertex 36.69256448645169 -17.87855484774195 25.625
      vertex 37.281035654693625 -17.76150065453227 26.225
      vertex 36.88520957315467 -16.181274357575923 26.225
    endloop
  endfacet
  facet normal -0.475149974187546 -0.5242472094901065 0.706680525677205
    outer loop
      vertex 31.150292546618328 -8.631832746196208 25.625
      vertex 32.31370849898476 -9.686291501015239 25.625
      vertex 31.530928517116514 -8.168026474178564 26.225
    endloop
  endfacet
  facet normal -0.47514997418754645 -0.5242472094901066 0.7066805256772046
    outer loop
      vertex 32.31370849898476 -9.686291501015239 25.625
      vertex 32.73797256769669 -9.26202743230331 26.225
      vertex 31.530928517116514 -8.168026474178564 26.225
    endloop
  endfacet
  facet normal 0.7518398074789789 -6.218475429571998e-20 0.6593458151000673
    outer loop
      vertex 4.643927974951554 -2 4.158458855568606
      vertex 4.954415587728429 -2 3.8044155877284282
      vertex 4.954415587728429 0 3.8044155877284282
    endloop
  endfacet
  facet normal 0.6593458151000678 -4.915767912452682e-18 0.7518398074789785
    outer loop
      vertex 4.954415587728429 -2 3.8044155877284282
      vertex 5.308458855568606 -2 3.493927974951553
      vertex 5.308458855568606 0 3.493927974951553
    endloop
  endfacet
  facet normal 0.8314696123025447 0 0.555570233019603
    outer loop
      vertex 4.643927974951554 -2 4.158458855568606
      vertex 4.643927974951554 0 4.158458855568606
      vertex 4.382308546376021 -2 4.55
    endloop
  endfacet
  facet normal 0.8968727415326881 0 0.4422886902190016
    outer loop
      vertex 4.382308546376021 -2 4.55
      vertex 4.382308546376021 0 4.55
      vertex 4.174033682959368 -2 4.972339643485676
    endloop
  endfacet
  facet normal 0.9469301294951055 0 0.32143946530316203
    outer loop
      vertex 4.174033682959368 -2 4.972339643485676
      vertex 4.174033682959368 0 4.972339643485676
      vertex 4.022667025359354 -2 5.418251437630925
    endloop
  endfacet
  facet normal 0.7518398074789789 0 0.6593458151000673
    outer loop
      vertex 4.643927974951554 -2 4.158458855568606
      vertex 4.954415587728429 0 3.8044155877284282
      vertex 4.643927974951554 0 4.158458855568606
    endloop
  endfacet
  facet normal 0.6593458151000678 0 0.7518398074789785
    outer loop
      vertex 4.954415587728429 -2 3.8044155877284282
      vertex 5.308458855568606 0 3.493927974951553
      vertex 4.954415587728429 0 3.8044155877284282
    endloop
  endfacet
  facet normal 0.8968727415326881 0 0.4422886902190016
    outer loop
      vertex 4.174033682959368 -2 4.972339643485676
      vertex 4.382308546376021 0 4.55
      vertex 4.174033682959368 0 4.972339643485676
    endloop
  endfacet
  facet normal 0.8314696123025447 0 0.555570233019603
    outer loop
      vertex 4.382308546376021 -2 4.55
      vertex 4.643927974951554 0 4.158458855568606
      vertex 4.382308546376021 0 4.55
    endloop
  endfacet
  facet normal 0.9469301294951055 0 0.32143946530316203
    outer loop
      vertex 4.022667025359354 -2 5.418251437630925
      vertex 4.174033682959368 0 4.972339643485676
      vertex 4.022667025359354 0 5.418251437630925
    endloop
  endfacet
  facet normal 0.9978589232386036 0 0.06540312923014335
    outer loop
      vertex 3.9307984990542826 -2 5.880105708007814
      vertex 3.9307984990542826 0 5.880105708007814
      vertex 3.9 -2 6.35
    endloop
  endfacet
  facet normal 0.9978589232386036 0 -0.06540312923014335
    outer loop
      vertex 3.9 -2 6.35
      vertex 3.9 0 6.35
      vertex 3.9307984990542826 -2 6.819894291992186
    endloop
  endfacet
  facet normal 0.9978589232386036 0 0.06540312923014335
    outer loop
      vertex 3.9 -2 6.35
      vertex 3.9307984990542826 0 5.880105708007814
      vertex 3.9 0 6.35
    endloop
  endfacet
  facet normal 0.9978589232386036 0 -0.06540312923014335
    outer loop
      vertex 3.9307984990542826 -2 6.819894291992186
      vertex 3.9 0 6.35
      vertex 3.9307984990542826 0 6.819894291992186
    endloop
  endfacet
  facet normal 0.9807852804032305 0 0.19509032201612783
    outer loop
      vertex 4.022667025359354 -2 5.418251437630925
      vertex 4.022667025359354 0 5.418251437630925
      vertex 3.9307984990542826 -2 5.880105708007814
    endloop
  endfacet
  facet normal 0.9807852804032305 0 -0.19509032201612783
    outer loop
      vertex 3.9307984990542826 -2 6.819894291992186
      vertex 3.9307984990542826 0 6.819894291992186
      vertex 4.022667025359354 -2 7.281748562369074
    endloop
  endfacet
  facet normal 0.9469301294951055 0 -0.32143946530316203
    outer loop
      vertex 4.022667025359354 -2 7.281748562369074
      vertex 4.022667025359354 0 7.281748562369074
      vertex 4.174033682959368 -2 7.727660356514323
    endloop
  endfacet
  facet normal 0.8968727415326885 0 -0.44228869021900086
    outer loop
      vertex 4.174033682959368 -2 7.727660356514323
      vertex 4.174033682959368 0 7.727660356514323
      vertex 4.382308546376021 -2 8.15
    endloop
  endfacet
  facet normal 0.8314696123025442 0 -0.5555702330196038
    outer loop
      vertex 4.382308546376021 -2 8.15
      vertex 4.382308546376021 0 8.15
      vertex 4.643927974951554 -2 8.541541144431394
    endloop
  endfacet
  facet normal 0.9807852804032305 0 0.19509032201612783
    outer loop
      vertex 3.9307984990542826 -2 5.880105708007814
      vertex 4.022667025359354 0 5.418251437630925
      vertex 3.9307984990542826 0 5.880105708007814
    endloop
  endfacet
  facet normal 0.9807852804032305 0 -0.19509032201612783
    outer loop
      vertex 4.022667025359354 -2 7.281748562369074
      vertex 3.9307984990542826 0 6.819894291992186
      vertex 4.022667025359354 0 7.281748562369074
    endloop
  endfacet
  facet normal 0.9469301294951055 0 -0.32143946530316203
    outer loop
      vertex 4.174033682959368 -2 7.727660356514323
      vertex 4.022667025359354 0 7.281748562369074
      vertex 4.174033682959368 0 7.727660356514323
    endloop
  endfacet
  facet normal 0.8968727415326885 0 -0.44228869021900086
    outer loop
      vertex 4.382308546376021 -2 8.15
      vertex 4.174033682959368 0 7.727660356514323
      vertex 4.382308546376021 0 8.15
    endloop
  endfacet
  facet normal 0.7518398074789789 0 -0.6593458151000673
    outer loop
      vertex 4.643927974951554 -2 8.541541144431394
      vertex 4.643927974951554 0 8.541541144431394
      vertex 4.954415587728429 -2 8.895584412271571
    endloop
  endfacet
  facet normal 0.6593458151000673 0 -0.7518398074789789
    outer loop
      vertex 4.954415587728429 -2 8.895584412271571
      vertex 4.954415587728429 0 8.895584412271571
      vertex 5.308458855568606 -2 9.206072025048446
    endloop
  endfacet
  facet normal 0.8314696123025442 0 -0.5555702330196038
    outer loop
      vertex 4.643927974951554 -2 8.541541144431394
      vertex 4.382308546376021 0 8.15
      vertex 4.643927974951554 0 8.541541144431394
    endloop
  endfacet
  facet normal 0.7518398074789789 0 -0.6593458151000673
    outer loop
      vertex 4.954415587728429 -2 8.895584412271571
      vertex 4.643927974951554 0 8.541541144431394
      vertex 4.954415587728429 0 8.895584412271571
    endloop
  endfacet
  facet normal 0.6593458151000673 0 -0.7518398074789789
    outer loop
      vertex 5.308458855568606 -2 9.206072025048446
      vertex 4.954415587728429 0 8.895584412271571
      vertex 5.308458855568606 0 9.206072025048446
    endloop
  endfacet
  facet normal 0.06540312923014335 1.6791551728968368e-19 0.9978589232386036
    outer loop
      vertex 7.030105708007814 -2 2.7807984990542822
      vertex 7.5 -2 2.7499999999999996
      vertex 7.5 0 2.7499999999999996
    endloop
  endfacet
  facet normal -0.06540312923014335 -1.6791551728968368e-19 0.9978589232386036
    outer loop
      vertex 7.5 -2 2.7499999999999996
      vertex 7.969894291992186 -2 2.7807984990542822
      vertex 7.969894291992186 0 2.7807984990542822
    endloop
  endfacet
  facet normal 0.06540312923014335 0 0.9978589232386036
    outer loop
      vertex 7.030105708007814 -2 2.7807984990542822
      vertex 7.5 0 2.7499999999999996
      vertex 7.030105708007814 0 2.7807984990542822
    endloop
  endfacet
  facet normal -0.06540312923014335 0 0.9978589232386036
    outer loop
      vertex 7.5 -2 2.7499999999999996
      vertex 7.969894291992186 0 2.7807984990542822
      vertex 7.5 0 2.7499999999999996
    endloop
  endfacet
  facet normal 0.5555702330196023 -3.429667982202086e-18 0.8314696123025452
    outer loop
      vertex 5.308458855568606 -2 3.493927974951553
      vertex 5.7 -2 3.2323085463760206
      vertex 5.7 0 3.2323085463760206
    endloop
  endfacet
  facet normal 0.4422886902190016 -1.306744513975915e-18 0.8968727415326881
    outer loop
      vertex 5.7 -2 3.2323085463760206
      vertex 6.1223396434856765 -2 3.0240336829593675
      vertex 6.1223396434856765 0 3.0240336829593675
    endloop
  endfacet
  facet normal 0.32143946530316203 6.0270094400279054e-18 0.9469301294951055
    outer loop
      vertex 6.1223396434856765 -2 3.0240336829593675
      vertex 6.568251437630925 -2 2.8726670253593536
      vertex 6.568251437630925 0 2.8726670253593536
    endloop
  endfacet
  facet normal 0.5555702330196023 0 0.8314696123025452
    outer loop
      vertex 5.308458855568606 -2 3.493927974951553
      vertex 5.7 0 3.2323085463760206
      vertex 5.308458855568606 0 3.493927974951553
    endloop
  endfacet
  facet normal 0.4422886902190016 0 0.8968727415326881
    outer loop
      vertex 5.7 -2 3.2323085463760206
      vertex 6.1223396434856765 0 3.0240336829593675
      vertex 5.7 0 3.2323085463760206
    endloop
  endfacet
  facet normal 0.32143946530316203 0 0.9469301294951055
    outer loop
      vertex 6.1223396434856765 -2 3.0240336829593675
      vertex 6.568251437630925 0 2.8726670253593536
      vertex 6.1223396434856765 0 3.0240336829593675
    endloop
  endfacet
  facet normal 0.19509032201612783 -2.500111444701768e-18 0.9807852804032305
    outer loop
      vertex 6.568251437630925 -2 2.8726670253593536
      vertex 7.030105708007814 -2 2.7807984990542822
      vertex 7.030105708007814 0 2.7807984990542822
    endloop
  endfacet
  facet normal 0.19509032201612783 0 0.9807852804032305
    outer loop
      vertex 6.568251437630925 -2 2.8726670253593536
      vertex 7.030105708007814 0 2.7807984990542822
      vertex 6.568251437630925 0 2.8726670253593536
    endloop
  endfacet
  facet normal -0.19509032201612783 2.500111444701768e-18 0.9807852804032305
    outer loop
      vertex 7.969894291992186 -2 2.7807984990542822
      vertex 8.431748562369075 -2 2.8726670253593536
      vertex 8.431748562369075 0 2.8726670253593536
    endloop
  endfacet
  facet normal -0.32143946530316264 -1.4217259098409168e-18 0.9469301294951054
    outer loop
      vertex 8.431748562369075 -2 2.8726670253593536
      vertex 8.877660356514323 -2 3.0240336829593675
      vertex 8.877660356514323 0 3.0240336829593675
    endloop
  endfacet
  facet normal -0.44228869021900014 -3.715306122569889e-18 0.8968727415326889
    outer loop
      vertex 8.877660356514323 -2 3.0240336829593675
      vertex 9.3 -2 3.2323085463760206
      vertex 9.3 0 3.2323085463760206
    endloop
  endfacet
  facet normal -0.19509032201612783 0 0.9807852804032305
    outer loop
      vertex 7.969894291992186 -2 2.7807984990542822
      vertex 8.431748562369075 0 2.8726670253593536
      vertex 7.969894291992186 0 2.7807984990542822
    endloop
  endfacet
  facet normal -0.32143946530316264 0 0.9469301294951054
    outer loop
      vertex 8.431748562369075 -2 2.8726670253593536
      vertex 8.877660356514323 0 3.0240336829593675
      vertex 8.431748562369075 0 2.8726670253593536
    endloop
  endfacet
  facet normal -0.44228869021900014 0 0.8968727415326889
    outer loop
      vertex 8.877660356514323 -2 3.0240336829593675
      vertex 9.3 0 3.2323085463760206
      vertex 8.877660356514323 0 3.0240336829593675
    endloop
  endfacet
  facet normal -0.5555702330196032 7.207161059513362e-18 0.8314696123025446
    outer loop
      vertex 9.3 -2 3.2323085463760206
      vertex 9.691541144431394 -2 3.493927974951553
      vertex 9.691541144431394 0 3.493927974951553
    endloop
  endfacet
  facet normal -0.6593458151000678 4.915767912452682e-18 0.7518398074789785
    outer loop
      vertex 9.691541144431394 -2 3.493927974951553
      vertex 10.045584412271571 -2 3.8044155877284282
      vertex 10.045584412271571 0 3.8044155877284282
    endloop
  endfacet
  facet normal -0.7518398074789789 0 0.6593458151000673
    outer loop
      vertex 10.356072025048446 -2 4.158458855568606
      vertex 10.356072025048446 0 4.158458855568606
      vertex 10.045584412271571 -2 3.8044155877284282
    endloop
  endfacet
  facet normal -0.5555702330196032 0 0.8314696123025446
    outer loop
      vertex 9.3 -2 3.2323085463760206
      vertex 9.691541144431394 0 3.493927974951553
      vertex 9.3 0 3.2323085463760206
    endloop
  endfacet
  facet normal -0.6593458151000678 0 0.7518398074789785
    outer loop
      vertex 9.691541144431394 -2 3.493927974951553
      vertex 10.045584412271571 0 3.8044155877284282
      vertex 9.691541144431394 0 3.493927974951553
    endloop
  endfacet
  facet normal -0.7518398074789789 0 0.6593458151000673
    outer loop
      vertex 10.045584412271571 -2 3.8044155877284282
      vertex 10.356072025048446 0 4.158458855568606
      vertex 10.045584412271571 0 3.8044155877284282
    endloop
  endfacet
  facet normal -0.8314696123025438 0 0.5555702330196042
    outer loop
      vertex 10.356072025048446 -2 4.158458855568606
      vertex 10.61769145362398 0 4.55
      vertex 10.356072025048446 0 4.158458855568606
    endloop
  endfacet
  facet normal 0.5555702330196016 -4.3699755591314345e-18 -0.8314696123025456
    outer loop
      vertex 5.7 -2 9.467691453623978
      vertex 5.308458855568606 -2 9.206072025048446
      vertex 5.308458855568606 0 9.206072025048446
    endloop
  endfacet
  facet normal 0.4422886902190047 2.183117627603954e-18 -0.8968727415326867
    outer loop
      vertex 6.1223396434856765 -2 9.675966317040633
      vertex 5.7 -2 9.467691453623978
      vertex 5.7 0 9.467691453623978
    endloop
  endfacet
  facet normal 0.32143946530316037 7.754744740282467e-19 -0.9469301294951061
    outer loop
      vertex 6.568251437630925 -2 9.827332974640646
      vertex 6.1223396434856765 -2 9.675966317040633
      vertex 6.1223396434856765 0 9.675966317040633
    endloop
  endfacet
  facet normal 0.5555702330196016 0 -0.8314696123025456
    outer loop
      vertex 5.7 -2 9.467691453623978
      vertex 5.308458855568606 0 9.206072025048446
      vertex 5.7 0 9.467691453623978
    endloop
  endfacet
  facet normal 0.4422886902190047 0 -0.8968727415326867
    outer loop
      vertex 6.1223396434856765 -2 9.675966317040633
      vertex 5.7 0 9.467691453623978
      vertex 6.1223396434856765 0 9.675966317040633
    endloop
  endfacet
  facet normal 0.32143946530316037 0 -0.9469301294951061
    outer loop
      vertex 6.568251437630925 -2 9.827332974640646
      vertex 6.1223396434856765 0 9.675966317040633
      vertex 6.568251437630925 0 9.827332974640646
    endloop
  endfacet
  facet normal 0.19509032201612964 3.3646806622238893e-18 -0.9807852804032301
    outer loop
      vertex 7.030105708007814 -2 9.919201500945718
      vertex 6.568251437630925 -2 9.827332974640646
      vertex 6.568251437630925 0 9.827332974640646
    endloop
  endfacet
  facet normal 0.06540312923014052 5.529447038000386e-20 -0.9978589232386037
    outer loop
      vertex 7.5 -2 9.95
      vertex 7.030105708007814 -2 9.919201500945718
      vertex 7.030105708007814 0 9.919201500945718
    endloop
  endfacet
  facet normal -0.06540312923014052 0 -0.9978589232386037
    outer loop
      vertex 7.5 -2 9.95
      vertex 7.5 0 9.95
      vertex 7.969894291992186 -2 9.919201500945718
    endloop
  endfacet
  facet normal 0.19509032201612964 0 -0.9807852804032301
    outer loop
      vertex 7.030105708007814 -2 9.919201500945718
      vertex 6.568251437630925 0 9.827332974640646
      vertex 7.030105708007814 0 9.919201500945718
    endloop
  endfacet
  facet normal 0.06540312923014052 5.529447038000386e-20 -0.9978589232386037
    outer loop
      vertex 7.030105708007814 0 9.919201500945718
      vertex 7.5 0 9.95
      vertex 7.5 -2 9.95
    endloop
  endfacet
  facet normal -0.06540312923014052 -5.529447038000386e-20 -0.9978589232386037
    outer loop
      vertex 7.5 0 9.95
      vertex 7.969894291992186 0 9.919201500945718
      vertex 7.969894291992186 -2 9.919201500945718
    endloop
  endfacet
  facet normal -0.4422886902190032 0 -0.8968727415326875
    outer loop
      vertex 8.877660356514323 0 9.675966317040633
      vertex 9.3 -2 9.467691453623978
      vertex 8.877660356514323 -2 9.675966317040633
    endloop
  endfacet
  facet normal -0.19509032201612964 0 -0.9807852804032301
    outer loop
      vertex 7.969894291992186 0 9.919201500945718
      vertex 8.431748562369075 -2 9.827332974640646
      vertex 7.969894291992186 -2 9.919201500945718
    endloop
  endfacet
  facet normal -0.3214394653031609 0 -0.9469301294951059
    outer loop
      vertex 8.431748562369075 0 9.827332974640646
      vertex 8.877660356514323 -2 9.675966317040633
      vertex 8.431748562369075 -2 9.827332974640646
    endloop
  endfacet
  facet normal -0.4422886902190032 2.838933008938494e-18 -0.8968727415326875
    outer loop
      vertex 8.877660356514323 0 9.675966317040633
      vertex 9.3 0 9.467691453623978
      vertex 9.3 -2 9.467691453623978
    endloop
  endfacet
  facet normal -0.19509032201612964 -3.3646806622238893e-18 -0.9807852804032301
    outer loop
      vertex 7.969894291992186 0 9.919201500945718
      vertex 8.431748562369075 0 9.827332974640646
      vertex 8.431748562369075 -2 9.827332974640646
    endloop
  endfacet
  facet normal -0.3214394653031609 -5.380758004216088e-18 -0.9469301294951059
    outer loop
      vertex 8.431748562369075 0 9.827332974640646
      vertex 8.877660356514323 0 9.675966317040633
      vertex 8.877660356514323 -2 9.675966317040633
    endloop
  endfacet
  facet normal -0.5555702330196025 0 -0.8314696123025451
    outer loop
      vertex 9.3 0 9.467691453623978
      vertex 9.691541144431394 -2 9.206072025048446
      vertex 9.3 -2 9.467691453623978
    endloop
  endfacet
  facet normal -0.6593458151000673 0 -0.7518398074789789
    outer loop
      vertex 9.691541144431394 0 9.206072025048446
      vertex 10.045584412271571 -2 8.895584412271571
      vertex 9.691541144431394 -2 9.206072025048446
    endloop
  endfacet
  facet normal -0.7518398074789789 0 -0.6593458151000673
    outer loop
      vertex 10.045584412271571 0 8.895584412271571
      vertex 10.356072025048446 -2 8.541541144431394
      vertex 10.045584412271571 -2 8.895584412271571
    endloop
  endfacet
  facet normal -0.8314696123025433 0 -0.5555702330196052
    outer loop
      vertex 10.356072025048446 0 8.541541144431394
      vertex 10.61769145362398 -2 8.15
      vertex 10.356072025048446 -2 8.541541144431394
    endloop
  endfacet
  facet normal -0.5555702330196025 5.924824818197498e-19 -0.8314696123025451
    outer loop
      vertex 9.3 0 9.467691453623978
      vertex 9.691541144431394 0 9.206072025048446
      vertex 9.691541144431394 -2 9.206072025048446
    endloop
  endfacet
  facet normal -0.6593458151000673 -6.218475429571998e-20 -0.7518398074789789
    outer loop
      vertex 9.691541144431394 0 9.206072025048446
      vertex 10.045584412271571 0 8.895584412271571
      vertex 10.045584412271571 -2 8.895584412271571
    endloop
  endfacet
  facet normal -0.7518398074789789 0 -0.6593458151000673
    outer loop
      vertex 10.356072025048446 0 8.541541144431394
      vertex 10.356072025048446 -2 8.541541144431394
      vertex 10.045584412271571 0 8.895584412271571
    endloop
  endfacet
  facet normal -0.8314696123025438 0 0.5555702330196042
    outer loop
      vertex 10.61769145362398 -2 4.55
      vertex 10.61769145362398 0 4.55
      vertex 10.356072025048446 -2 4.158458855568606
    endloop
  endfacet
  facet normal -0.8968727415326897 0 0.4422886902189986
    outer loop
      vertex 10.825966317040631 -2 4.972339643485676
      vertex 10.825966317040631 0 4.972339643485676
      vertex 10.61769145362398 -2 4.55
    endloop
  endfacet
  facet normal -0.946930129495105 0 0.32143946530316375
    outer loop
      vertex 10.977332974640646 0 5.418251437630925
      vertex 10.825966317040631 -2 4.972339643485676
      vertex 10.977332974640646 -2 5.418251437630925
    endloop
  endfacet
  facet normal -0.8968727415326897 0 0.4422886902189986
    outer loop
      vertex 10.61769145362398 -2 4.55
      vertex 10.825966317040631 0 4.972339643485676
      vertex 10.61769145362398 0 4.55
    endloop
  endfacet
  facet normal -0.946930129495105 0 0.32143946530316375
    outer loop
      vertex 10.825966317040631 -2 4.972339643485676
      vertex 10.977332974640646 0 5.418251437630925
      vertex 10.825966317040631 0 4.972339643485676
    endloop
  endfacet
  facet normal -0.9807852804032309 0 0.195090322016126
    outer loop
      vertex 11.069201500945717 0 5.880105708007814
      vertex 10.977332974640646 -2 5.418251437630925
      vertex 11.069201500945717 -2 5.880105708007814
    endloop
  endfacet
  facet normal -0.9978589232386035 0 0.06540312923014428
    outer loop
      vertex 11.1 0 6.35
      vertex 11.069201500945717 -2 5.880105708007814
      vertex 11.1 -2 6.35
    endloop
  endfacet
  facet normal -0.9978589232386035 0 -0.06540312923014428
    outer loop
      vertex 11.069201500945717 0 6.819894291992186
      vertex 11.1 -2 6.35
      vertex 11.069201500945717 -2 6.819894291992186
    endloop
  endfacet
  facet normal -0.9807852804032309 0 -0.195090322016126
    outer loop
      vertex 10.977332974640646 0 7.281748562369074
      vertex 11.069201500945717 -2 6.819894291992186
      vertex 10.977332974640646 -2 7.281748562369074
    endloop
  endfacet
  facet normal -0.946930129495105 0 -0.32143946530316375
    outer loop
      vertex 10.825966317040631 0 7.727660356514323
      vertex 10.977332974640646 -2 7.281748562369074
      vertex 10.825966317040631 -2 7.727660356514323
    endloop
  endfacet
  facet normal -0.89687274153269 0 -0.4422886902189978
    outer loop
      vertex 10.61769145362398 0 8.15
      vertex 10.825966317040631 -2 7.727660356514323
      vertex 10.61769145362398 -2 8.15
    endloop
  endfacet
  facet normal -0.9807852804032309 0 0.195090322016126
    outer loop
      vertex 10.977332974640646 0 5.418251437630925
      vertex 10.977332974640646 -2 5.418251437630925
      vertex 11.069201500945717 0 5.880105708007814
    endloop
  endfacet
  facet normal -0.9978589232386035 0 0.06540312923014428
    outer loop
      vertex 11.069201500945717 0 5.880105708007814
      vertex 11.069201500945717 -2 5.880105708007814
      vertex 11.1 0 6.35
    endloop
  endfacet
  facet normal -0.9978589232386035 0 -0.06540312923014428
    outer loop
      vertex 11.1 0 6.35
      vertex 11.1 -2 6.35
      vertex 11.069201500945717 0 6.819894291992186
    endloop
  endfacet
  facet normal -0.9807852804032309 0 -0.195090322016126
    outer loop
      vertex 11.069201500945717 0 6.819894291992186
      vertex 11.069201500945717 -2 6.819894291992186
      vertex 10.977332974640646 0 7.281748562369074
    endloop
  endfacet
  facet normal -0.946930129495105 0 -0.32143946530316375
    outer loop
      vertex 10.977332974640646 0 7.281748562369074
      vertex 10.977332974640646 -2 7.281748562369074
      vertex 10.825966317040631 0 7.727660356514323
    endloop
  endfacet
  facet normal -0.89687274153269 0 -0.4422886902189978
    outer loop
      vertex 10.825966317040631 0 7.727660356514323
      vertex 10.825966317040631 -2 7.727660356514323
      vertex 10.61769145362398 0 8.15
    endloop
  endfacet
  facet normal -0.8314696123025433 0 -0.5555702330196052
    outer loop
      vertex 10.61769145362398 0 8.15
      vertex 10.61769145362398 -2 8.15
      vertex 10.356072025048446 0 8.541541144431394
    endloop
  endfacet
  facet normal 0.8314696123025488 0 0.5555702330195968
    outer loop
      vertex 4.643927974951554 0 35.908458855568604
      vertex 4.382308546376021 -2 36.300000000000004
      vertex 4.643927974951554 -2 35.908458855568604
    endloop
  endfacet
  facet normal 0.6593458151000673 0 0.7518398074789789
    outer loop
      vertex 5.308458855568606 0 35.24392797495155
      vertex 4.954415587728429 -2 35.55441558772843
      vertex 5.308458855568606 -2 35.24392797495155
    endloop
  endfacet
  facet normal 0.7518398074789772 -3.857787428006995e-18 0.6593458151000691
    outer loop
      vertex 4.643927974951554 -2 35.908458855568604
      vertex 4.954415587728429 -2 35.55441558772843
      vertex 4.954415587728429 0 35.55441558772843
    endloop
  endfacet
  facet normal 0.7518398074789772 0 0.6593458151000691
    outer loop
      vertex 4.643927974951554 0 35.908458855568604
      vertex 4.643927974951554 -2 35.908458855568604
      vertex 4.954415587728429 0 35.55441558772843
    endloop
  endfacet
  facet normal 0.6593458151000673 -6.218475429571998e-20 0.7518398074789789
    outer loop
      vertex 5.308458855568606 0 35.24392797495155
      vertex 4.954415587728429 0 35.55441558772843
      vertex 4.954415587728429 -2 35.55441558772843
    endloop
  endfacet
  facet normal 0.9978589232386035 0 0.06540312923014371
    outer loop
      vertex 3.9307984990542826 0 37.63010570800782
      vertex 3.9 -2 38.1
      vertex 3.9307984990542826 -2 37.63010570800782
    endloop
  endfacet
  facet normal 0.9978589232386035 0 -0.06540312923014371
    outer loop
      vertex 3.9 -1.4406008104997697e-16 38.1
      vertex 3.9307984990542826 -2 38.569894291992185
      vertex 3.9 -2 38.1
    endloop
  endfacet
  facet normal 0.9978589232386035 0 0.06540312923014371
    outer loop
      vertex 3.9 -1.4406008104997697e-16 38.1
      vertex 3.9 -2 38.1
      vertex 3.9307984990542826 0 37.63010570800782
    endloop
  endfacet
  facet normal 0.9978589232386035 0 -0.06540312923014371
    outer loop
      vertex 3.9307984990542826 -3.849324063849976e-16 38.569894291992185
      vertex 3.9307984990542826 -2 38.569894291992185
      vertex 3.9 -1.4406008104997697e-16 38.1
    endloop
  endfacet
  facet normal 0.8968727415326859 0 0.4422886902190061
    outer loop
      vertex 4.382308546376021 0 36.300000000000004
      vertex 4.174033682959368 -2 36.722339643485675
      vertex 4.382308546376021 -2 36.300000000000004
    endloop
  endfacet
  facet normal 0.9469301294951065 0 0.32143946530315914
    outer loop
      vertex 4.174033682959368 0 36.722339643485675
      vertex 4.022667025359354 -2 37.16825143763093
      vertex 4.174033682959368 -2 36.722339643485675
    endloop
  endfacet
  facet normal 0.9807852804032305 0 0.19509032201612747
    outer loop
      vertex 4.022667025359354 0 37.16825143763093
      vertex 3.9307984990542826 -2 37.63010570800782
      vertex 4.022667025359354 -2 37.16825143763093
    endloop
  endfacet
  facet normal 0.9807852804032305 0 -0.19509032201612747
    outer loop
      vertex 3.9307984990542826 -3.849324063849976e-16 38.569894291992185
      vertex 4.022667025359354 -2 39.031748562369074
      vertex 3.9307984990542826 -2 38.569894291992185
    endloop
  endfacet
  facet normal 0.8968727415326859 0 0.4422886902190061
    outer loop
      vertex 4.174033682959368 0 36.722339643485675
      vertex 4.174033682959368 -2 36.722339643485675
      vertex 4.382308546376021 0 36.300000000000004
    endloop
  endfacet
  facet normal 0.8314696123025488 0 0.5555702330195968
    outer loop
      vertex 4.382308546376021 0 36.300000000000004
      vertex 4.382308546376021 -2 36.300000000000004
      vertex 4.643927974951554 0 35.908458855568604
    endloop
  endfacet
  facet normal 0.9469301294951065 0 0.32143946530315914
    outer loop
      vertex 4.022667025359354 0 37.16825143763093
      vertex 4.022667025359354 -2 37.16825143763093
      vertex 4.174033682959368 0 36.722339643485675
    endloop
  endfacet
  facet normal 0.9807852804032305 0 0.19509032201612747
    outer loop
      vertex 3.9307984990542826 0 37.63010570800782
      vertex 3.9307984990542826 -2 37.63010570800782
      vertex 4.022667025359354 0 37.16825143763093
    endloop
  endfacet
  facet normal 0.9807852804032307 0 -0.1950903220161275
    outer loop
      vertex 4.022667025359354 -6.70192727469533e-16 39.031748562369074
      vertex 4.022667025359354 -2 39.031748562369074
      vertex 3.9307984990542826 -3.849324063849976e-16 38.569894291992185
    endloop
  endfacet
  facet normal 0.9469301294951065 0 -0.32143946530315914
    outer loop
      vertex 4.022667025359354 -6.70192727469533e-16 39.031748562369074
      vertex 4.174033682959368 -2 39.47766035651433
      vertex 4.022667025359354 -2 39.031748562369074
    endloop
  endfacet
  facet normal 0.8968727415326859 0 -0.4422886902190061
    outer loop
      vertex 4.174033682959368 -2 39.47766035651433
      vertex 4.174033682959368 0 39.47766035651433
      vertex 4.382308546376021 -2 39.9
    endloop
  endfacet
  facet normal 0.8314696123025488 0 -0.5555702330195968
    outer loop
      vertex 4.382308546376021 -2 39.9
      vertex 4.382308546376021 0 39.9
      vertex 4.643927974951554 -2 40.2915411444314
    endloop
  endfacet
  facet normal 0.7518398074789772 0 -0.6593458151000691
    outer loop
      vertex 4.643927974951554 -2 40.2915411444314
      vertex 4.643927974951554 0 40.2915411444314
      vertex 4.954415587728429 -2 40.645584412271575
    endloop
  endfacet
  facet normal 0.6593458151000673 0 -0.7518398074789789
    outer loop
      vertex 4.954415587728429 -2 40.645584412271575
      vertex 4.954415587728429 0 40.645584412271575
      vertex 5.308458855568606 -2 40.95607202504845
    endloop
  endfacet
  facet normal 0.9469301294951065 0 -0.32143946530315914
    outer loop
      vertex 4.174033682959368 -2 39.47766035651433
      vertex 4.022667025359354 -6.70192727469533e-16 39.031748562369074
      vertex 4.174033682959368 0 39.47766035651433
    endloop
  endfacet
  facet normal 0.8968727415326859 0 -0.4422886902190061
    outer loop
      vertex 4.382308546376021 -2 39.9
      vertex 4.174033682959368 0 39.47766035651433
      vertex 4.382308546376021 0 39.9
    endloop
  endfacet
  facet normal 0.8314696123025488 0 -0.5555702330195968
    outer loop
      vertex 4.643927974951554 -2 40.2915411444314
      vertex 4.382308546376021 0 39.9
      vertex 4.643927974951554 0 40.2915411444314
    endloop
  endfacet
  facet normal 0.7518398074789772 0 -0.6593458151000691
    outer loop
      vertex 4.954415587728429 -2 40.645584412271575
      vertex 4.643927974951554 0 40.2915411444314
      vertex 4.954415587728429 0 40.645584412271575
    endloop
  endfacet
  facet normal 0.6593458151000673 0 -0.7518398074789789
    outer loop
      vertex 5.308458855568606 -2 40.95607202504845
      vertex 4.954415587728429 0 40.645584412271575
      vertex 5.308458855568606 0 40.95607202504845
    endloop
  endfacet
  facet normal 0.3214394653031637 0 0.9469301294951049
    outer loop
      vertex 6.568251437630925 -6.423603969289412e-16 34.622667025359355
      vertex 6.1223396434856765 -2 34.77403368295937
      vertex 6.568251437630925 -2 34.622667025359355
    endloop
  endfacet
  facet normal 0.5555702330195964 0 0.8314696123025492
    outer loop
      vertex 5.7 -1.2437965138849888e-16 34.982308546376025
      vertex 5.308458855568606 -2 35.24392797495155
      vertex 5.7 -2 34.982308546376025
    endloop
  endfacet
  facet normal 0.4422886902190047 0 0.8968727415326867
    outer loop
      vertex 6.1223396434856765 -3.6097103341654385e-16 34.77403368295937
      vertex 5.7 -2 34.982308546376025
      vertex 6.1223396434856765 -2 34.77403368295937
    endloop
  endfacet
  facet normal 0.32143946530316375 -1.9058148150454254e-18 0.946930129495105
    outer loop
      vertex 6.568251437630925 -6.423603969289412e-16 34.622667025359355
      vertex 6.1223396434856765 -3.6097103341654385e-16 34.77403368295937
      vertex 6.1223396434856765 -2 34.77403368295937
    endloop
  endfacet
  facet normal 0.5555702330195963 -6.909416955847986e-18 0.8314696123025491
    outer loop
      vertex 5.7 -1.2437965138849888e-16 34.982308546376025
      vertex 5.308458855568606 0 35.24392797495155
      vertex 5.308458855568606 -2 35.24392797495155
    endloop
  endfacet
  facet normal 0.44228869021900463 -2.183117627603954e-18 0.8968727415326866
    outer loop
      vertex 6.1223396434856765 -3.6097103341654385e-16 34.77403368295937
      vertex 5.7 -1.2437965138849888e-16 34.982308546376025
      vertex 5.7 -2 34.982308546376025
    endloop
  endfacet
  facet normal 0.19509032201612603 0 0.9807852804032309
    outer loop
      vertex 7.030105708007814 -9.63733091900125e-16 34.530798499054285
      vertex 6.568251437630925 -2 34.622667025359355
      vertex 7.030105708007814 -2 34.530798499054285
    endloop
  endfacet
  facet normal 0.06540312923014804 -6.880101840216282e-19 0.9978589232386033
    outer loop
      vertex 7.030105708007814 -2 34.530798499054285
      vertex 7.5 -2 34.5
      vertex 7.5 -1.3195903424177888e-15 34.5
    endloop
  endfacet
  facet normal -0.06540312923014804 6.880101840216278e-19 0.9978589232386033
    outer loop
      vertex 7.5 -2 34.5
      vertex 7.969894291992186 -2 34.530798499054285
      vertex 7.969894291992186 0 34.530798499054285
    endloop
  endfacet
  facet normal 0.19509032201612603 -1.6355422271796473e-18 0.980785280403231
    outer loop
      vertex 7.030105708007814 -9.63733091900125e-16 34.530798499054285
      vertex 6.568251437630925 -6.423603969289412e-16 34.622667025359355
      vertex 6.568251437630925 -2 34.622667025359355
    endloop
  endfacet
  facet normal 0.06540312923014804 -6.8801018402162815e-19 0.9978589232386033
    outer loop
      vertex 7.5 -1.3195903424177888e-15 34.5
      vertex 7.030105708007814 -9.63733091900125e-16 34.530798499054285
      vertex 7.030105708007814 -2 34.530798499054285
    endloop
  endfacet
  facet normal -0.06540312923014804 6.880101840216282e-19 0.9978589232386033
    outer loop
      vertex 7.969894291992186 0 34.530798499054285
      vertex 7.5 -1.3195903424177888e-15 34.5
      vertex 7.5 -2 34.5
    endloop
  endfacet
  facet normal -0.195090322016126 1.6355422271796467e-18 0.9807852804032309
    outer loop
      vertex 7.969894291992186 -2 34.530798499054285
      vertex 8.431748562369075 -2 34.622667025359355
      vertex 8.431748562369075 0 34.622667025359355
    endloop
  endfacet
  facet normal -0.3214394653031643 6.511098345231588e-18 0.9469301294951048
    outer loop
      vertex 8.431748562369075 -2 34.622667025359355
      vertex 8.877660356514323 -2 34.77403368295937
      vertex 8.877660356514323 0 34.77403368295937
    endloop
  endfacet
  facet normal -0.4422886902190032 -2.838933008938494e-18 0.8968727415326875
    outer loop
      vertex 8.877660356514323 -2 34.77403368295937
      vertex 9.3 -2 34.982308546376025
      vertex 9.3 0 34.982308546376025
    endloop
  endfacet
  facet normal -0.195090322016126 0 0.9807852804032309
    outer loop
      vertex 7.969894291992186 -2 34.530798499054285
      vertex 8.431748562369075 0 34.622667025359355
      vertex 7.969894291992186 0 34.530798499054285
    endloop
  endfacet
  facet normal -0.3214394653031643 0 0.9469301294951048
    outer loop
      vertex 8.431748562369075 -2 34.622667025359355
      vertex 8.877660356514323 0 34.77403368295937
      vertex 8.431748562369075 0 34.622667025359355
    endloop
  endfacet
  facet normal -0.4422886902190032 0 0.8968727415326875
    outer loop
      vertex 8.877660356514323 -2 34.77403368295937
      vertex 9.3 0 34.982308546376025
      vertex 8.877660356514323 0 34.77403368295937
    endloop
  endfacet
  facet normal -0.5555702330195973 -4.048398135966545e-18 0.8314696123025486
    outer loop
      vertex 9.3 -2 34.982308546376025
      vertex 9.691541144431394 -2 35.24392797495155
      vertex 9.691541144431394 0 35.24392797495155
    endloop
  endfacet
  facet normal -0.6593458151000673 6.218475429571998e-20 0.7518398074789789
    outer loop
      vertex 9.691541144431394 -2 35.24392797495155
      vertex 10.045584412271571 -2 35.55441558772843
      vertex 10.045584412271571 0 35.55441558772843
    endloop
  endfacet
  facet normal -0.7518398074789772 0 0.6593458151000691
    outer loop
      vertex 10.356072025048446 -2 35.908458855568604
      vertex 10.356072025048446 0 35.908458855568604
      vertex 10.045584412271571 -2 35.55441558772843
    endloop
  endfacet
  facet normal -0.5555702330195973 0 0.8314696123025486
    outer loop
      vertex 9.3 -2 34.982308546376025
      vertex 9.691541144431394 0 35.24392797495155
      vertex 9.3 0 34.982308546376025
    endloop
  endfacet
  facet normal -0.6593458151000673 0 0.7518398074789789
    outer loop
      vertex 9.691541144431394 -2 35.24392797495155
      vertex 10.045584412271571 0 35.55441558772843
      vertex 9.691541144431394 0 35.24392797495155
    endloop
  endfacet
  facet normal -0.7518398074789772 0 0.6593458151000691
    outer loop
      vertex 10.045584412271571 -2 35.55441558772843
      vertex 10.356072025048446 0 35.908458855568604
      vertex 10.045584412271571 0 35.55441558772843
    endloop
  endfacet
  facet normal -0.831469612302548 0 0.5555702330195982
    outer loop
      vertex 10.356072025048446 -2 35.908458855568604
      vertex 10.61769145362398 0 36.300000000000004
      vertex 10.356072025048446 0 35.908458855568604
    endloop
  endfacet
  facet normal 0.5555702330195964 6.909416955847986e-18 -0.8314696123025491
    outer loop
      vertex 5.7 -2 41.21769145362398
      vertex 5.308458855568606 -2 40.95607202504845
      vertex 5.308458855568606 0 40.95607202504845
    endloop
  endfacet
  facet normal 0.4422886902190047 2.183117627603954e-18 -0.8968727415326867
    outer loop
      vertex 6.1223396434856765 -2 41.42596631704063
      vertex 5.7 -2 41.21769145362398
      vertex 5.7 0 41.21769145362398
    endloop
  endfacet
  facet normal 0.32143946530316375 1.905814815045425e-18 -0.946930129495105
    outer loop
      vertex 6.568251437630925 -2 41.57733297464065
      vertex 6.1223396434856765 -2 41.42596631704063
      vertex 6.1223396434856765 0 41.42596631704063
    endloop
  endfacet
  facet normal 0.5555702330195964 0 -0.8314696123025491
    outer loop
      vertex 5.7 -2 41.21769145362398
      vertex 5.308458855568606 0 40.95607202504845
      vertex 5.7 0 41.21769145362398
    endloop
  endfacet
  facet normal 0.4422886902190047 0 -0.8968727415326867
    outer loop
      vertex 6.1223396434856765 -2 41.42596631704063
      vertex 5.7 0 41.21769145362398
      vertex 6.1223396434856765 0 41.42596631704063
    endloop
  endfacet
  facet normal 0.32143946530316375 0 -0.946930129495105
    outer loop
      vertex 6.568251437630925 -2 41.57733297464065
      vertex 6.1223396434856765 0 41.42596631704063
      vertex 6.568251437630925 0 41.57733297464065
    endloop
  endfacet
  facet normal 0.195090322016126 1.6355422271796467e-18 -0.9807852804032309
    outer loop
      vertex 7.030105708007814 -2 41.66920150094572
      vertex 6.568251437630925 -2 41.57733297464065
      vertex 6.568251437630925 0 41.57733297464065
    endloop
  endfacet
  facet normal 0.195090322016126 0 -0.9807852804032309
    outer loop
      vertex 7.030105708007814 -2 41.66920150094572
      vertex 6.568251437630925 0 41.57733297464065
      vertex 7.030105708007814 0 41.66920150094572
    endloop
  endfacet
  facet normal 0.06540312923014804 0 -0.9978589232386033
    outer loop
      vertex 7.030105708007814 -2 41.66920150094572
      vertex 7.030105708007814 0 41.66920150094572
      vertex 7.5 -2 41.7
    endloop
  endfacet
  facet normal -0.06540312923014804 0 -0.9978589232386033
    outer loop
      vertex 7.5 -2 41.7
      vertex 7.5 0 41.7
      vertex 7.969894291992186 -2 41.66920150094572
    endloop
  endfacet
  facet normal 0.06540312923014804 0 -0.9978589232386033
    outer loop
      vertex 7.5 -2 41.7
      vertex 7.030105708007814 0 41.66920150094572
      vertex 7.5 0 41.7
    endloop
  endfacet
  facet normal -0.06540312923014804 0 -0.9978589232386033
    outer loop
      vertex 7.969894291992186 -2 41.66920150094572
      vertex 7.5 0 41.7
      vertex 7.969894291992186 0 41.66920150094572
    endloop
  endfacet
  facet normal -0.195090322016126 -1.6355422271796467e-18 -0.9807852804032309
    outer loop
      vertex 8.431748562369075 -2 41.57733297464065
      vertex 7.969894291992186 -2 41.66920150094572
      vertex 7.969894291992186 0 41.66920150094572
    endloop
  endfacet
  facet normal -0.3214394653031643 -6.511098345231588e-18 -0.9469301294951048
    outer loop
      vertex 8.877660356514323 -2 41.42596631704063
      vertex 8.431748562369075 -2 41.57733297464065
      vertex 8.431748562369075 0 41.57733297464065
    endloop
  endfacet
  facet normal -0.4422886902190032 2.838933008938494e-18 -0.8968727415326875
    outer loop
      vertex 9.3 -2 41.21769145362398
      vertex 8.877660356514323 -2 41.42596631704063
      vertex 8.877660356514323 0 41.42596631704063
    endloop
  endfacet
  facet normal -0.195090322016126 0 -0.9807852804032309
    outer loop
      vertex 8.431748562369075 -2 41.57733297464065
      vertex 7.969894291992186 0 41.66920150094572
      vertex 8.431748562369075 0 41.57733297464065
    endloop
  endfacet
  facet normal -0.3214394653031643 0 -0.9469301294951048
    outer loop
      vertex 8.877660356514323 -2 41.42596631704063
      vertex 8.431748562369075 0 41.57733297464065
      vertex 8.877660356514323 0 41.42596631704063
    endloop
  endfacet
  facet normal -0.4422886902190032 0 -0.8968727415326875
    outer loop
      vertex 9.3 -2 41.21769145362398
      vertex 8.877660356514323 0 41.42596631704063
      vertex 9.3 0 41.21769145362398
    endloop
  endfacet
  facet normal -0.831469612302548 0 -0.5555702330195982
    outer loop
      vertex 10.356072025048446 -2 40.2915411444314
      vertex 10.356072025048446 0 40.2915411444314
      vertex 10.61769145362398 -2 39.9
    endloop
  endfacet
  facet normal -0.6593458151000673 -6.218475429571998e-20 -0.7518398074789789
    outer loop
      vertex 10.045584412271571 -2 40.645584412271575
      vertex 9.691541144431394 -2 40.95607202504845
      vertex 9.691541144431394 0 40.95607202504845
    endloop
  endfacet
  facet normal -0.5555702330195973 4.048398135966545e-18 -0.8314696123025486
    outer loop
      vertex 9.691541144431394 -2 40.95607202504845
      vertex 9.3 -2 41.21769145362398
      vertex 9.3 0 41.21769145362398
    endloop
  endfacet
  facet normal -0.7518398074789772 0 -0.6593458151000691
    outer loop
      vertex 10.045584412271571 -2 40.645584412271575
      vertex 10.045584412271571 0 40.645584412271575
      vertex 10.356072025048446 -2 40.2915411444314
    endloop
  endfacet
  facet normal -0.5555702330195973 0 -0.8314696123025486
    outer loop
      vertex 9.691541144431394 -2 40.95607202504845
      vertex 9.3 0 41.21769145362398
      vertex 9.691541144431394 0 40.95607202504845
    endloop
  endfacet
  facet normal -0.6593458151000673 0 -0.7518398074789789
    outer loop
      vertex 10.045584412271571 -2 40.645584412271575
      vertex 9.691541144431394 0 40.95607202504845
      vertex 10.045584412271571 0 40.645584412271575
    endloop
  endfacet
  facet normal -0.7518398074789772 0 -0.6593458151000691
    outer loop
      vertex 10.356072025048446 -2 40.2915411444314
      vertex 10.045584412271571 0 40.645584412271575
      vertex 10.356072025048446 0 40.2915411444314
    endloop
  endfacet
  facet normal -0.831469612302548 0 0.5555702330195982
    outer loop
      vertex 10.61769145362398 -2 36.300000000000004
      vertex 10.61769145362398 0 36.300000000000004
      vertex 10.356072025048446 -2 35.908458855568604
    endloop
  endfacet
  facet normal -0.8968727415326875 0 0.4422886902190031
    outer loop
      vertex 10.825966317040631 -2 36.722339643485675
      vertex 10.825966317040631 0 36.722339643485675
      vertex 10.61769145362398 -2 36.300000000000004
    endloop
  endfacet
  facet normal -0.9469301294951059 0 0.32143946530316087
    outer loop
      vertex 10.977332974640646 -2 37.16825143763093
      vertex 10.977332974640646 0 37.16825143763093
      vertex 10.825966317040631 -2 36.722339643485675
    endloop
  endfacet
  facet normal -0.980785280403231 0 0.19509032201612567
    outer loop
      vertex 11.069201500945717 -2 37.63010570800782
      vertex 11.069201500945717 0 37.63010570800782
      vertex 10.977332974640646 -2 37.16825143763093
    endloop
  endfacet
  facet normal -0.9978589232386035 0 0.06540312923014466
    outer loop
      vertex 11.1 -2 38.1
      vertex 11.1 0 38.1
      vertex 11.069201500945717 -2 37.63010570800782
    endloop
  endfacet
  facet normal -0.9978589232386035 0 -0.06540312923014466
    outer loop
      vertex 11.069201500945717 -2 38.569894291992185
      vertex 11.069201500945717 0 38.569894291992185
      vertex 11.1 -2 38.1
    endloop
  endfacet
  facet normal -0.980785280403231 0 -0.19509032201612567
    outer loop
      vertex 10.977332974640646 -2 39.031748562369074
      vertex 10.977332974640646 0 39.031748562369074
      vertex 11.069201500945717 -2 38.569894291992185
    endloop
  endfacet
  facet normal -0.8968727415326875 0 0.4422886902190031
    outer loop
      vertex 10.61769145362398 -2 36.300000000000004
      vertex 10.825966317040631 0 36.722339643485675
      vertex 10.61769145362398 0 36.300000000000004
    endloop
  endfacet
  facet normal -0.9469301294951059 0 0.32143946530316087
    outer loop
      vertex 10.825966317040631 -2 36.722339643485675
      vertex 10.977332974640646 0 37.16825143763093
      vertex 10.825966317040631 0 36.722339643485675
    endloop
  endfacet
  facet normal -0.980785280403231 0 0.19509032201612567
    outer loop
      vertex 10.977332974640646 -2 37.16825143763093
      vertex 11.069201500945717 0 37.63010570800782
      vertex 10.977332974640646 0 37.16825143763093
    endloop
  endfacet
  facet normal -0.9978589232386035 0 0.06540312923014466
    outer loop
      vertex 11.069201500945717 -2 37.63010570800782
      vertex 11.1 0 38.1
      vertex 11.069201500945717 0 37.63010570800782
    endloop
  endfacet
  facet normal -0.9978589232386035 0 -0.06540312923014466
    outer loop
      vertex 11.1 -2 38.1
      vertex 11.069201500945717 0 38.569894291992185
      vertex 11.1 0 38.1
    endloop
  endfacet
  facet normal -0.980785280403231 0 -0.19509032201612567
    outer loop
      vertex 11.069201500945717 -2 38.569894291992185
      vertex 10.977332974640646 0 39.031748562369074
      vertex 11.069201500945717 0 38.569894291992185
    endloop
  endfacet
  facet normal -0.9469301294951059 0 -0.32143946530316087
    outer loop
      vertex 10.825966317040631 -2 39.47766035651433
      vertex 10.825966317040631 0 39.47766035651433
      vertex 10.977332974640646 -2 39.031748562369074
    endloop
  endfacet
  facet normal -0.8968727415326875 0 -0.4422886902190031
    outer loop
      vertex 10.61769145362398 -2 39.9
      vertex 10.61769145362398 0 39.9
      vertex 10.825966317040631 -2 39.47766035651433
    endloop
  endfacet
  facet normal -0.9469301294951059 0 -0.32143946530316087
    outer loop
      vertex 10.977332974640646 -2 39.031748562369074
      vertex 10.825966317040631 0 39.47766035651433
      vertex 10.977332974640646 0 39.031748562369074
    endloop
  endfacet
  facet normal -0.8968727415326875 0 -0.4422886902190031
    outer loop
      vertex 10.825966317040631 -2 39.47766035651433
      vertex 10.61769145362398 0 39.9
      vertex 10.825966317040631 0 39.47766035651433
    endloop
  endfacet
  facet normal -0.831469612302548 0 -0.5555702330195982
    outer loop
      vertex 10.61769145362398 -2 39.9
      vertex 10.356072025048446 0 40.2915411444314
      vertex 10.61769145362398 0 39.9
    endloop
  endfacet
endsolid OpenSCAD_Model
